ingredient;cfp;wfp;mapping_type;mapped_item;;
broth;;;no_match;NO_MATCH;;
soup;;;no_match;NO_MATCH;;
soda;;;no_match;NO_MATCH;;
chip;;;no_match;NO_MATCH;;
stock;;;no_match;NO_MATCH;;
shortening;;;no_match;NO_MATCH;;
cake mix;;;no_match;NO_MATCH;;
macaroni;;;no_match;NO_MATCH;;
rosemary;;;no_match;NO_MATCH;;
scallion;;;no_match;NO_MATCH;;
tortilla;;;no_match;NO_MATCH;;
chicken broth;;;no_match;NO_MATCH;;
half-and-half;;;no_match;NO_MATCH;;
bay leaf;;;no_match;NO_MATCH;;
chips;;;no_match;NO_MATCH;;
rind;;;no_match;NO_MATCH;;
marshmallow;;;no_match;NO_MATCH;;
topping;;;no_match;NO_MATCH;;
soup mix;;;no_match;NO_MATCH;;
roll;;;no_match;NO_MATCH;;
cream of tartar;;;no_match;NO_MATCH;;
breast;;;no_match;NO_MATCH;;
tarragon;;;no_match;NO_MATCH;;
filling;;;no_match;NO_MATCH;;
pie shell;;;no_match;NO_MATCH;;
boiling water;;;no_match;NO_MATCH;;
slice;;;no_match;NO_MATCH;;
hot water;;;no_match;NO_MATCH;;
marmalade;;;no_match;NO_MATCH;;
dough;;;no_match;NO_MATCH;;
kosher salt;;;no_match;NO_MATCH;;
cream of mushroom soup;;;no_match;NO_MATCH;;
caper;;;no_match;NO_MATCH;;
fettuccine;;;no_match;NO_MATCH;;
penne;;;no_match;NO_MATCH;;
ground beef;;;no_match;NO_MATCH;;
Bisquick;;;no_match;NO_MATCH;;
ice cube;;;no_match;NO_MATCH;;
germ;;;no_match;NO_MATCH;;
whites;;;no_match;NO_MATCH;;
butterscotch chip;;;no_match;NO_MATCH;;
beef broth;;;no_match;NO_MATCH;;
hamburger;;;no_match;NO_MATCH;;
cream of chicken soup;;;no_match;NO_MATCH;;
baking mix;;;no_match;NO_MATCH;;
orzo;;;no_match;NO_MATCH;;
tartar;;;no_match;NO_MATCH;;
hash brown;;;no_match;NO_MATCH;;
capers;;;no_match;NO_MATCH;;
relish;;;no_match;NO_MATCH;;
dill weed;;;no_match;NO_MATCH;;
substitute;;;no_match;NO_MATCH;;
cube;;;no_match;NO_MATCH;;
pectin;;;no_match;NO_MATCH;;
Grand Marnier;;;no_match;NO_MATCH;;
warm water;;;no_match;NO_MATCH;;
tahini;;;no_match;NO_MATCH;;
chopped pecan;;;no_match;NO_MATCH;;
pancetta;;;no_match;NO_MATCH;;
puff pastry;;;no_match;NO_MATCH;;
chutney;;;no_match;NO_MATCH;;
salami;;;no_match;NO_MATCH;;
muffin;;;no_match;NO_MATCH;;
tequila;;;no_match;NO_MATCH;;
dried oregano;;;no_match;NO_MATCH;;
mirin;;;no_match;NO_MATCH;;
sugar substitute;;;no_match;NO_MATCH;;
sirloin;;;no_match;NO_MATCH;;
Crisco;;;no_match;NO_MATCH;;
chuck;;;no_match;NO_MATCH;;
rose water;;;no_match;NO_MATCH;;
veal;;;no_match;NO_MATCH;;
schnapps;;;no_match;NO_MATCH;;
Amaretto;;;no_match;NO_MATCH;;
chorizo;;;no_match;NO_MATCH;;
rice wine;;;no_match;NO_MATCH;;
wedge;;;no_match;NO_MATCH;;
egg white;;;no_match;NO_MATCH;;
beef stock;;;no_match;NO_MATCH;;
flank steak;;;no_match;NO_MATCH;;
tamari;;;no_match;NO_MATCH;;
gravy;;;no_match;NO_MATCH;;
dried thyme;;;no_match;NO_MATCH;;
lard;;;no_match;NO_MATCH;;
vermicelli;;;no_match;NO_MATCH;;
stuffing mix;;;no_match;NO_MATCH;;
food coloring;;;no_match;NO_MATCH;;
rigatoni;;;no_match;NO_MATCH;;
coloring;;;no_match;NO_MATCH;;
chop;;;no_match;NO_MATCH;;
smoke;;;no_match;NO_MATCH;;
fusilli;;;no_match;NO_MATCH;;
Whip;;;no_match;NO_MATCH;;
whip;;;no_match;NO_MATCH;;
muffin mix;;;no_match;NO_MATCH;;
cola;;;no_match;NO_MATCH;;
ghee;;;no_match;NO_MATCH;;
watercress;;;no_match;NO_MATCH;;
tomato soup;;;no_match;NO_MATCH;;
beef stew meat;;;no_match;NO_MATCH;;
cognac;;;no_match;NO_MATCH;;
buns;;;no_match;NO_MATCH;;
coconut extract;;;no_match;NO_MATCH;;
biscuit mix;;;no_match;NO_MATCH;;
package;;;no_match;NO_MATCH;;
bulgur;;;no_match;NO_MATCH;;
gin;;;no_match;NO_MATCH;;
grated orange rind;;;no_match;NO_MATCH;;
skewer;;;no_match;NO_MATCH;;
sprig;;;no_match;NO_MATCH;;
essence;;;no_match;NO_MATCH;;
sake;;;no_match;NO_MATCH;;
poultry seasoning;;;no_match;NO_MATCH;;
bit;;;no_match;NO_MATCH;;
crushed ice;;;no_match;NO_MATCH;;
semolina;;;no_match;NO_MATCH;;
lime rind;;;no_match;NO_MATCH;;
dip;;;no_match;NO_MATCH;;
marshmallow creme;;;no_match;NO_MATCH;;
miso;;;no_match;NO_MATCH;;
creamed corn;;;no_match;NO_MATCH;;
prepared horseradish;;;no_match;NO_MATCH;;
grit;;;no_match;NO_MATCH;;
polenta;;;no_match;NO_MATCH;;
sage leaf;;;no_match;NO_MATCH;;
club soda;;;no_match;NO_MATCH;;
sprinkle;;;no_match;NO_MATCH;;
ground chuck;;;no_match;NO_MATCH;;
dried parsley;;;no_match;NO_MATCH;;
miniature marshmallow;;;no_match;NO_MATCH;;
wonton wrapper;;;no_match;NO_MATCH;;
liquid smoke;;;no_match;NO_MATCH;;
packet;;;no_match;NO_MATCH;;
potato chip;;;no_match;NO_MATCH;;
eggnog;;;no_match;NO_MATCH;;
cup;;;no_match;NO_MATCH;;
beef brisket;;;no_match;NO_MATCH;;
chuck roast;;;no_match;NO_MATCH;;
red food coloring;;;no_match;NO_MATCH;;
toothpick;;;no_match;NO_MATCH;;
edamame;;;no_match;NO_MATCH;;
bar;;;no_match;NO_MATCH;;
provolone;;;no_match;NO_MATCH;;
butterscotch schnapps;;;no_match;NO_MATCH;;
cheddar cheese soup;;;no_match;NO_MATCH;;
triple sec;;;no_match;NO_MATCH;;
bisquick;;;no_match;NO_MATCH;;
savory;;;no_match;NO_MATCH;;
unsweetened applesauce;;;no_match;NO_MATCH;;
wrapper;;;no_match;NO_MATCH;;
chunk;;;no_match;NO_MATCH;;
manicotti;;;no_match;NO_MATCH;;
sambal oelek;;;no_match;NO_MATCH;;
piece;;;no_match;NO_MATCH;;
leaves;;;no_match;NO_MATCH;;
venison;;;no_match;NO_MATCH;;
gnocchi;;;no_match;NO_MATCH;;
ziti;;;no_match;NO_MATCH;;
butter flavor crisco;;;no_match;NO_MATCH;;
nutritional yeast;;;no_match;NO_MATCH;;
granule;;;no_match;NO_MATCH;;
stock cube;;;no_match;NO_MATCH;;
caramel ice cream topping;;;no_match;NO_MATCH;;
coleslaw mix;;;no_match;NO_MATCH;;
jello;;;no_match;NO_MATCH;;
mincemeat;;;no_match;NO_MATCH;;
Frangelico;;;no_match;NO_MATCH;;
almond flour;;;no_match;NO_MATCH;;
mini marshmallow;;;no_match;NO_MATCH;;
cottage;;;no_match;NO_MATCH;;
lean ground beef;;;no_match;NO_MATCH;;
hearts;;;no_match;NO_MATCH;;
orange blossom water;;;no_match;NO_MATCH;;
Sprite;;;no_match;NO_MATCH;;
dripping;;;no_match;NO_MATCH;;
mango chutney;;;no_match;NO_MATCH;;
stevia;;;no_match;NO_MATCH;;
rotel;;;no_match;NO_MATCH;;
consomme;;;no_match;NO_MATCH;;
rutabaga;;;no_match;NO_MATCH;;
panko;;;no_match;NO_MATCH;;
escarole;;;no_match;NO_MATCH;;
elbow macaroni;;;no_match;NO_MATCH;;
dried sage;;;no_match;NO_MATCH;;
corned beef;;;no_match;NO_MATCH;;
sec;;;no_match;NO_MATCH;;
wrap;;;no_match;NO_MATCH;;
marinade;;;no_match;NO_MATCH;;
pierogi;;;no_match;NO_MATCH;;
ramen noodle;;;no_match;NO_MATCH;;
maple extract;;;no_match;NO_MATCH;;
vegetable shortening;;;no_match;NO_MATCH;;
amaretto;;;no_match;NO_MATCH;;
hummus;;;no_match;NO_MATCH;;
gravy mix;;;no_match;NO_MATCH;;
thigh;;;no_match;NO_MATCH;;
ground round;;;no_match;NO_MATCH;;
ring;;;no_match;NO_MATCH;;
Cointreau;;;no_match;NO_MATCH;;
foil;;;no_match;NO_MATCH;;
nori;;;no_match;NO_MATCH;;
bay;;;no_match;NO_MATCH;;
butterscotch chips;;;no_match;NO_MATCH;;
template2;;;no_match;NO_MATCH;;
kirsch;;;no_match;NO_MATCH;;
swiss chard;;;no_match;NO_MATCH;;
canola;;;no_match;NO_MATCH;;
xanthan gum;;;no_match;NO_MATCH;;
shavings;;;no_match;NO_MATCH;;
honeydew;;;no_match;NO_MATCH;;
lime leaf;;;no_match;NO_MATCH;;
tenderloin;;;no_match;NO_MATCH;;
beef tenderloin;;;no_match;NO_MATCH;;
rice noodle;;;no_match;NO_MATCH;;
base;;;no_match;NO_MATCH;;
concentrate;;;no_match;NO_MATCH;;
endive;;;no_match;NO_MATCH;;
hominy;;;no_match;NO_MATCH;;
sheet;;;no_match;NO_MATCH;;
corn tortilla;;;no_match;NO_MATCH;;
pie filling;;;no_match;NO_MATCH;;
shaving;;;no_match;NO_MATCH;;
curl;;;no_match;NO_MATCH;;
rocket;;;no_match;NO_MATCH;;
drippings;;;no_match;NO_MATCH;;
stew meat;;;no_match;NO_MATCH;;
green food coloring;;;no_match;NO_MATCH;;
Spam;;;no_match;NO_MATCH;;
bicarbonate;;;no_match;NO_MATCH;;
bark;;;no_match;NO_MATCH;;
chow mein noodle;;;no_match;NO_MATCH;;
self-raising flour;;;no_match;NO_MATCH;;
stalk;;;no_match;NO_MATCH;;
hoisin;;;no_match;NO_MATCH;;
floret;;;no_match;NO_MATCH;;
ground pork;;;no_match;NO_MATCH;;
mushroom soup;;;no_match;NO_MATCH;;
icing;;;no_match;NO_MATCH;;
cream-style corn;;;no_match;NO_MATCH;;
Splenda sugar substitute;;;no_match;NO_MATCH;;
rump roast;;;no_match;NO_MATCH;;
caramel topping;;;no_match;NO_MATCH;;
tempeh;;;no_match;NO_MATCH;;
granules;;;no_match;NO_MATCH;;
tomatillo;;;no_match;NO_MATCH;;
tomato ketchup;;;no_match;NO_MATCH;;
caraway;;;no_match;NO_MATCH;;
tamarind paste;;;no_match;NO_MATCH;;
chicken stock cube;;;no_match;NO_MATCH;;
alfredo sauce;;;no_match;NO_MATCH;;
shoot;;;no_match;NO_MATCH;;
Crisco shortening;;;no_match;NO_MATCH;;
Southern Comfort;;;no_match;NO_MATCH;;
Midori;;;no_match;NO_MATCH;;
fryer;;;no_match;NO_MATCH;;
caramel sauce;;;no_match;NO_MATCH;;
msg;;;no_match;NO_MATCH;;
calvados;;;no_match;NO_MATCH;;
bouquet garni;;;no_match;NO_MATCH;;
thyme leaf;;;no_match;NO_MATCH;;
lavender;;;no_match;NO_MATCH;;
ditalini;;;no_match;NO_MATCH;;
orecchiette;;;no_match;NO_MATCH;;
rotini;;;no_match;NO_MATCH;;
dried rosemary;;;no_match;NO_MATCH;;
ciabatta;;;no_match;NO_MATCH;;
poblano;;;no_match;NO_MATCH;;
bleu cheese salad dressing;;;no_match;NO_MATCH;;
monterey jack;;;no_match;NO_MATCH;;
glaze;;;no_match;NO_MATCH;;
bottle;;;no_match;NO_MATCH;;
slices;;;no_match;NO_MATCH;;
mostaccioli;;;no_match;NO_MATCH;;
pieces;;;no_match;NO_MATCH;;
Oreo;;;no_match;NO_MATCH;;
Baileys;;;no_match;NO_MATCH;;
carbonated lemon-lime beverage;;;no_match;NO_MATCH;;
envelope;;;no_match;NO_MATCH;;
hock;;;no_match;NO_MATCH;;
kumara;;;no_match;NO_MATCH;;
sparerib;;;no_match;NO_MATCH;;
sprinkles;;;no_match;NO_MATCH;;
coconut flour;;;no_match;NO_MATCH;;
container;;;no_match;NO_MATCH;;
Dorito;;;no_match;NO_MATCH;;
drink mix;;;no_match;NO_MATCH;;
orange flower water;;;no_match;NO_MATCH;;
caramel syrup;;;no_match;NO_MATCH;;
creme de menthe;;;no_match;NO_MATCH;;
pickle relish;;;no_match;NO_MATCH;;
dried dill;;;no_match;NO_MATCH;;
Bisquick baking mix;;;no_match;NO_MATCH;;
dried mint;;;no_match;NO_MATCH;;
self rising flour;;;no_match;NO_MATCH;;
marzipan;;;no_match;NO_MATCH;;
ouzo;;;no_match;NO_MATCH;;
sumac;;;no_match;NO_MATCH;;
ranch dressing mix;;;no_match;NO_MATCH;;
round;;;no_match;NO_MATCH;;
ketjap manis;;;no_match;NO_MATCH;;
yellow cake mix;;;no_match;NO_MATCH;;
tagliatelle;;;no_match;NO_MATCH;;
bits;;;no_match;NO_MATCH;;
jack;;;no_match;NO_MATCH;;
tapioca flour;;;no_match;NO_MATCH;;
orange roughy;;;no_match;NO_MATCH;;
green curry paste;;;no_match;NO_MATCH;;
Marnier;;;no_match;NO_MATCH;;
unbaked pie shell;;;no_match;NO_MATCH;;
gum;;;no_match;NO_MATCH;;
horseradish sauce;;;no_match;NO_MATCH;;
seltzer;;;no_match;NO_MATCH;;
beef base;;;no_match;NO_MATCH;;
jar;;;no_match;NO_MATCH;;
pickle juice;;;no_match;NO_MATCH;;
fresh rosemary;;;no_match;NO_MATCH;;
seafood;;;no_match;NO_MATCH;;
sauce mix;;;no_match;NO_MATCH;;
cube steak;;;no_match;NO_MATCH;;
soba noodle;;;no_match;NO_MATCH;;
aluminum foil;;;no_match;NO_MATCH;;
mexicorn;;;no_match;NO_MATCH;;
fresh oregano;;;no_match;NO_MATCH;;
tart shell;;;no_match;NO_MATCH;;
phyllo;;;no_match;NO_MATCH;;
caviar;;;no_match;NO_MATCH;;
fontina;;;no_match;NO_MATCH;;
bicarbonate of soda;;;no_match;NO_MATCH;;
low-fat sour cream;;;no_match;NO_MATCH;;
enchilada sauce;;;no_match;NO_MATCH;;
oxtail;;;no_match;NO_MATCH;;
galangal;;;no_match;NO_MATCH;;
pico de gallo;;;no_match;NO_MATCH;;
ingredient;;;no_match;NO_MATCH;;
walnut half;;;no_match;NO_MATCH;;
chervil;;;no_match;NO_MATCH;;
waffle;;;no_match;NO_MATCH;;
clarified butter;;;no_match;NO_MATCH;;
food;;;no_match;NO_MATCH;;
oreo;;;no_match;NO_MATCH;;
wax;;;no_match;NO_MATCH;;
morsels;;;no_match;NO_MATCH;;
paraffin wax;;;no_match;NO_MATCH;;
butterscotch;;;no_match;NO_MATCH;;
cheesecloth;;;no_match;NO_MATCH;;
cocktail;;;no_match;NO_MATCH;;
Curacao;;;no_match;NO_MATCH;;
box;;;no_match;NO_MATCH;;
black tea;;;no_match;NO_MATCH;;
Pernod;;;no_match;NO_MATCH;;
wasabi paste;;;no_match;NO_MATCH;;
sweet pickle relish;;;no_match;NO_MATCH;;
dip mix;;;no_match;NO_MATCH;;
black;;;no_match;NO_MATCH;;
sirloin steak;;;no_match;NO_MATCH;;
dried tarragon;;;no_match;NO_MATCH;;
yellow food coloring;;;no_match;NO_MATCH;;
morel;;;no_match;NO_MATCH;;
farfalle;;;no_match;NO_MATCH;;
capellini;;;no_match;NO_MATCH;;
dumpling;;;no_match;NO_MATCH;;
buttermilk baking mix;;;no_match;NO_MATCH;;
Fontina;;;no_match;NO_MATCH;;
cooking spray;;;no_match;NO_MATCH;;
Chambord;;;no_match;NO_MATCH;;
potato water;;;no_match;NO_MATCH;;
drop;;;no_match;NO_MATCH;;
dried marjoram;;;no_match;NO_MATCH;;
crystal;;;no_match;NO_MATCH;;
brine;;;no_match;NO_MATCH;;
soup base;;;no_match;NO_MATCH;;
chicken stock powder;;;no_match;NO_MATCH;;
half;;;no_match;NO_MATCH;;
angel food cake;;;no_match;NO_MATCH;;
beef round steak;;;no_match;NO_MATCH;;
French onion soup mix;;;no_match;NO_MATCH;;
hamburger meat;;;no_match;NO_MATCH;;
adobo sauce;;;no_match;NO_MATCH;;
tzatziki;;;no_match;NO_MATCH;;
sorrel;;;no_match;NO_MATCH;;
whole kernel corn;;;no_match;NO_MATCH;;
herbs;;;no_match;NO_MATCH;;
Lipton Onion Soup Mix;;;no_match;NO_MATCH;;
leg;;;no_match;NO_MATCH;;
red curry paste;;;no_match;NO_MATCH;;
ranch salad dressing;;;no_match;NO_MATCH;;
condensed cream of mushroom soup;;;no_match;NO_MATCH;;
jar marshmallow cream;;;no_match;NO_MATCH;;
ranch dip mix;;;no_match;NO_MATCH;;
orange soda;;;no_match;NO_MATCH;;
rose;;;no_match;NO_MATCH;;
salad dressing mix;;;no_match;NO_MATCH;;
template3;;;no_match;NO_MATCH;;
pot roast;;;no_match;NO_MATCH;;
jalapeno juice;;;no_match;NO_MATCH;;
flower;;;no_match;NO_MATCH;;
citric acid;;;no_match;NO_MATCH;;
segment;;;no_match;NO_MATCH;;
Tia Maria;;;no_match;NO_MATCH;;
masa harina;;;no_match;NO_MATCH;;
surimi;;;no_match;NO_MATCH;;
tender;;;no_match;NO_MATCH;;
seitan;;;no_match;NO_MATCH;;
Dijon;;;no_match;NO_MATCH;;
caesar salad dressing;;;no_match;NO_MATCH;;
mochiko;;;no_match;NO_MATCH;;
dog;;;no_match;NO_MATCH;;
chayote;;;no_match;NO_MATCH;;
grape leaf;;;no_match;NO_MATCH;;
kasha;;;no_match;NO_MATCH;;
broccoli coleslaw mix;;;no_match;NO_MATCH;;
choy;;;no_match;NO_MATCH;;
Coke;;;no_match;NO_MATCH;;
ball;;;no_match;NO_MATCH;;
wonton;;;no_match;NO_MATCH;;
cavatelli;;;no_match;NO_MATCH;;
maple;;;no_match;NO_MATCH;;
rice vermicelli;;;no_match;NO_MATCH;;
steak sauce;;;no_match;NO_MATCH;;
suet;;;no_match;NO_MATCH;;
vegemite;;;no_match;NO_MATCH;;
Splenda granular;;;no_match;NO_MATCH;;
kefalotiri;;;no_match;NO_MATCH;;
thread;;;no_match;NO_MATCH;;
cutlet;;;no_match;NO_MATCH;;
mini marshmallows;;;no_match;NO_MATCH;;
baileys;;;no_match;NO_MATCH;;
fast rising yeast;;;no_match;NO_MATCH;;
halves;;;no_match;NO_MATCH;;
tot;;;no_match;NO_MATCH;;
pan;;;no_match;NO_MATCH;;
cavatappi;;;no_match;NO_MATCH;;
Shake-n-Bake;;;no_match;NO_MATCH;;
campari;;;no_match;NO_MATCH;;
raspberry sherbet;;;no_match;NO_MATCH;;
vanilla wafer crumb;;;no_match;NO_MATCH;;
buckwheat groat;;;no_match;NO_MATCH;;
Kitchen Bouquet;;;no_match;NO_MATCH;;
drink;;;no_match;NO_MATCH;;
roll wrap;;;no_match;NO_MATCH;;
crumbles;;;no_match;NO_MATCH;;
cooked wild rice;;;no_match;NO_MATCH;;
teaspoon;;;no_match;NO_MATCH;;
gingerbread;;;no_match;NO_MATCH;;
queso fresco;;;no_match;NO_MATCH;;
vegetable stock cube;;;no_match;NO_MATCH;;
giardiniera;;;no_match;NO_MATCH;;
beef gravy;;;no_match;NO_MATCH;;
dried herb;;;no_match;NO_MATCH;;
chunks;;;no_match;NO_MATCH;;
low sodium chicken broth;;;no_match;NO_MATCH;;
blue curacao;;;no_match;NO_MATCH;;
barberry;;;no_match;NO_MATCH;;
gel;;;no_match;NO_MATCH;;
cake crumb;;;no_match;NO_MATCH;;
poundcake mix;;;no_match;NO_MATCH;;
doughnut;;;no_match;NO_MATCH;;
skewers;;;no_match;NO_MATCH;;
deep dish pie shell;;;no_match;NO_MATCH;;
shortcrust pastry;;;no_match;NO_MATCH;;
dry oregano;;;no_match;NO_MATCH;;
citron;;;no_match;NO_MATCH;;
dried Italian seasoning;;;no_match;NO_MATCH;;
chunky applesauce;;;no_match;NO_MATCH;;
vegan butter;;;no_match;NO_MATCH;;
orange food coloring;;;no_match;NO_MATCH;;
Karo;;;no_match;NO_MATCH;;
herbes de provence;;;no_match;NO_MATCH;;
rolls;;;no_match;NO_MATCH;;
dried beef;;;no_match;NO_MATCH;;
Molly McButter;;;no_match;NO_MATCH;;
Butter Flavor Crisco;;;no_match;NO_MATCH;;
taco seasoning mix;;;no_match;NO_MATCH;;
blend;;;no_match;NO_MATCH;;
bechamel;;;no_match;NO_MATCH;;
carrot juice;;;no_match;NO_MATCH;;
fat-free half-and-half;;;no_match;NO_MATCH;;
template;;;no_match;NO_MATCH;;
red pepper sauce;;;no_match;NO_MATCH;;
muesli;;;no_match;NO_MATCH;;
soy margarine;;;no_match;NO_MATCH;;
bag;;;no_match;NO_MATCH;;
Applejack;;;no_match;NO_MATCH;;
dash;;;no_match;NO_MATCH;;
dashi;;;no_match;NO_MATCH;;
roast beef;;;no_match;NO_MATCH;;
bay leaf powder;;;no_match;NO_MATCH;;
filbert;;;no_match;NO_MATCH;;
Dr. Pepper;;;no_match;NO_MATCH;;
skirt steak;;;no_match;NO_MATCH;;
ribs;;;no_match;NO_MATCH;;
florets;;;no_match;NO_MATCH;;
radiatore;;;no_match;NO_MATCH;;
tidbit;;;no_match;NO_MATCH;;
violet;;;no_match;NO_MATCH;;
chopped;;;no_match;NO_MATCH;;
tomato passata;;;no_match;NO_MATCH;;
beef cube steak;;;no_match;NO_MATCH;;
baby corn;;;no_match;NO_MATCH;;
beef mince;;;no_match;NO_MATCH;;
rib eye steak;;;no_match;NO_MATCH;;
ground meat;;;no_match;NO_MATCH;;
bulgar;;;no_match;NO_MATCH;;
curacao;;;no_match;NO_MATCH;;
Copha;;;no_match;NO_MATCH;;
amaranth flour;;;no_match;NO_MATCH;;
liverwurst;;;no_match;NO_MATCH;;
kidney;;;no_match;NO_MATCH;;
ovaltine;;;no_match;NO_MATCH;;
wax paper;;;no_match;NO_MATCH;;
bamboo skewer;;;no_match;NO_MATCH;;
passata;;;no_match;NO_MATCH;;
oregano leaf;;;no_match;NO_MATCH;;
bars;;;no_match;NO_MATCH;;
gizzard;;;no_match;NO_MATCH;;
pastina;;;no_match;NO_MATCH;;
pinch;;;no_match;NO_MATCH;;
fiddlehead;;;no_match;NO_MATCH;;
curls;;;no_match;NO_MATCH;;
phyllo pastry sheet;;;no_match;NO_MATCH;;
panir;;;no_match;NO_MATCH;;
toasted wheat germ;;;no_match;NO_MATCH;;
sugar cookie mix;;;no_match;NO_MATCH;;
dried dill weed;;;no_match;NO_MATCH;;
tablespoon;;;no_match;NO_MATCH;;
twine;;;no_match;NO_MATCH;;
bechamel sauce;;;no_match;NO_MATCH;;
naan;;;no_match;NO_MATCH;;
pastrami;;;no_match;NO_MATCH;;
browns;;;no_match;NO_MATCH;;
lox;;;no_match;NO_MATCH;;
tamale;;;no_match;NO_MATCH;;
chicken soup;;;no_match;NO_MATCH;;
Bouquet;;;no_match;NO_MATCH;;
meatloaf mix;;;no_match;NO_MATCH;;
cinnamon applesauce;;;no_match;NO_MATCH;;
Sure-Jell;;;no_match;NO_MATCH;;
carambola;;;no_match;NO_MATCH;;
sago;;;no_match;NO_MATCH;;
lavender flower;;;no_match;NO_MATCH;;
spelt;;;no_match;NO_MATCH;;
jaggery;;;no_match;NO_MATCH;;
filling mix;;;no_match;NO_MATCH;;
dill pickle relish;;;no_match;NO_MATCH;;
brown gravy mix;;;no_match;NO_MATCH;;
patis;;;no_match;NO_MATCH;;
beef liver;;;no_match;NO_MATCH;;
instant tea;;;no_match;NO_MATCH;;
macaroon;;;no_match;NO_MATCH;;
cinnamon baking chip;;;no_match;NO_MATCH;;
enhancer;;;no_match;NO_MATCH;;
lumpia skin;;;no_match;NO_MATCH;;
amaretti;;;no_match;NO_MATCH;;
sesame tahini;;;no_match;NO_MATCH;;
drambuie;;;no_match;NO_MATCH;;
bottle carbonated lemon-lime beverage;;;no_match;NO_MATCH;;
black bean garlic sauce;;;no_match;NO_MATCH;;
rosemary leaf;;;no_match;NO_MATCH;;
angel food cake mix;;;no_match;NO_MATCH;;
tapenade;;;no_match;NO_MATCH;;
ounce;;;no_match;NO_MATCH;;
seasoned bread crumbs;;;no_match;NO_MATCH;;
stock powder;;;no_match;NO_MATCH;;
udon noodle;;;no_match;NO_MATCH;;
pasta water;;;no_match;NO_MATCH;;
au jus mix;;;no_match;NO_MATCH;;
pak choi;;;no_match;NO_MATCH;;
short rib;;;no_match;NO_MATCH;;
Italian herb seasoning;;;no_match;NO_MATCH;;
package dry onion soup mix;;;no_match;NO_MATCH;;
Belgian endive;;;no_match;NO_MATCH;;
prepared white horseradish;;;no_match;NO_MATCH;;
gai lan;;;no_match;NO_MATCH;;
improver;;;no_match;NO_MATCH;;
toasted pine nut;;;no_match;NO_MATCH;;
rose petal;;;no_match;NO_MATCH;;
Schnapps;;;no_match;NO_MATCH;;
midori;;;no_match;NO_MATCH;;
wonton skin;;;no_match;NO_MATCH;;
cracked ice;;;no_match;NO_MATCH;;
cachaca;;;no_match;NO_MATCH;;
rump steak;;;no_match;NO_MATCH;;
malibu;;;no_match;NO_MATCH;;
Everclear alcohol;;;no_match;NO_MATCH;;
creme de banane;;;no_match;NO_MATCH;;
popsicle stick;;;no_match;NO_MATCH;;
olive juice;;;no_match;NO_MATCH;;
jelly bean;;;no_match;NO_MATCH;;
cornbread stuffing mix;;;no_match;NO_MATCH;;
macaroni and cheese mix;;;no_match;NO_MATCH;;
kohlrabi;;;no_match;NO_MATCH;;
farro;;;no_match;NO_MATCH;;
stevia powder;;;no_match;NO_MATCH;;
sun-dried tomato paste;;;no_match;NO_MATCH;;
tidbits;;;no_match;NO_MATCH;;
pepper oil;;;no_match;NO_MATCH;;
Emerils Original Essence;;;no_match;NO_MATCH;;
quick-cooking tapioca;;;no_match;NO_MATCH;;
cupcake liner;;;no_match;NO_MATCH;;
cinnamon schnapps;;;no_match;NO_MATCH;;
spam;;;no_match;NO_MATCH;;
mortadella;;;no_match;NO_MATCH;;
chicken fat;;;no_match;NO_MATCH;;
fresh yeast;;;no_match;NO_MATCH;;
sambuca;;;no_match;NO_MATCH;;
phyllo cup;;;no_match;NO_MATCH;;
large marshmallow;;;no_match;NO_MATCH;;
treacle;;;no_match;NO_MATCH;;
spice cake mix;;;no_match;NO_MATCH;;
cinnamon baking chips;;;no_match;NO_MATCH;;
farfel;;;no_match;NO_MATCH;;
cannelloni tube;;;no_match;NO_MATCH;;
packet dry onion soup mix;;;no_match;NO_MATCH;;
mixed Italian herb;;;no_match;NO_MATCH;;
unseasoned breadcrumb;;;no_match;NO_MATCH;;
sliced scallion;;;no_match;NO_MATCH;;
gluten-free flour;;;no_match;NO_MATCH;;
butter substitute;;;no_match;NO_MATCH;;
deviled ham;;;no_match;NO_MATCH;;
white sauce;;;no_match;NO_MATCH;;
lasagna;;;no_match;NO_MATCH;;
mesclun;;;no_match;NO_MATCH;;
strawberry cake mix;;;no_match;NO_MATCH;;
condensed cream of chicken soup;;;no_match;NO_MATCH;;
taco sauce;;;no_match;NO_MATCH;;
minced meat;;;no_match;NO_MATCH;;
agave;;;no_match;NO_MATCH;;
dessert mix;;;no_match;NO_MATCH;;
pork spareribs;;;no_match;NO_MATCH;;
ascorbic acid;;;no_match;NO_MATCH;;
lemon balm;;;no_match;NO_MATCH;;
corned beef brisket;;;no_match;NO_MATCH;;
pearl tapioca;;;no_match;NO_MATCH;;
inch;;;no_match;NO_MATCH;;
Clear Jel;;;no_match;NO_MATCH;;
packet Lipton Onion Soup Mix;;;no_match;NO_MATCH;;
seaweed;;;no_match;NO_MATCH;;
fast-rising active dry yeast;;;no_match;NO_MATCH;;
white tequila;;;no_match;NO_MATCH;;
shoyu;;;no_match;NO_MATCH;;
flax;;;no_match;NO_MATCH;;
mixed baby green;;;no_match;NO_MATCH;;
pastry for double-crust pie;;;no_match;NO_MATCH;;
cooking;;;no_match;NO_MATCH;;
cracked wheat;;;no_match;NO_MATCH;;
slaw;;;no_match;NO_MATCH;;
balm;;;no_match;NO_MATCH;;
lovage;;;no_match;NO_MATCH;;
beef sirloin;;;no_match;NO_MATCH;;
low sodium vegetable broth;;;no_match;NO_MATCH;;
perciatelli;;;no_match;NO_MATCH;;
annatto;;;no_match;NO_MATCH;;
seasoned flour;;;no_match;NO_MATCH;;
beef chuck roast;;;no_match;NO_MATCH;;
top;;;no_match;NO_MATCH;;
maggi seasoning;;;no_match;NO_MATCH;;
dried parsley flake;;;no_match;NO_MATCH;;
veal shank;;;no_match;NO_MATCH;;
filet mignon;;;no_match;NO_MATCH;;
chopped fresh rosemary;;;no_match;NO_MATCH;;
pepita;;;no_match;NO_MATCH;;
sofrito sauce;;;no_match;NO_MATCH;;
fresh mushroom;;;no_match;NO_MATCH;;
wooden skewer;;;no_match;NO_MATCH;;
sauterne;;;no_match;NO_MATCH;;
meat substitute;;;no_match;NO_MATCH;;
creme de cassis;;;no_match;NO_MATCH;;
skin;;;no_match;NO_MATCH;;
double crust pie crust;;;no_match;NO_MATCH;;
soup stock;;;no_match;NO_MATCH;;
lima;;;no_match;NO_MATCH;;
Pepsi;;;no_match;NO_MATCH;;
matzo cake meal;;;no_match;NO_MATCH;;
tartar sauce;;;no_match;NO_MATCH;;
sweet green pepper;;;no_match;NO_MATCH;;
Italian turkey sausage;;;no_match;NO_MATCH;;
queso;;;no_match;NO_MATCH;;
blueberry muffin mix;;;no_match;NO_MATCH;;
fine breadcrumb;;;no_match;NO_MATCH;;
adobo;;;no_match;NO_MATCH;;
scape;;;no_match;NO_MATCH;;
chicken rice pilaf mix;;;no_match;NO_MATCH;;
toasted sesame;;;no_match;NO_MATCH;;
fresh Italian parsley;;;no_match;NO_MATCH;;
sweet relish;;;no_match;NO_MATCH;;
round steak;;;no_match;NO_MATCH;;
filberts;;;no_match;NO_MATCH;;
beef sirloin steak;;;no_match;NO_MATCH;;
minced scallion;;;no_match;NO_MATCH;;
flower water;;;no_match;NO_MATCH;;
turkey slice;;;no_match;NO_MATCH;;
roughy;;;no_match;NO_MATCH;;
ground sirloin;;;no_match;NO_MATCH;;
demi-glace;;;no_match;NO_MATCH;;
pie filling mix;;;no_match;NO_MATCH;;
white Karo;;;no_match;NO_MATCH;;
segments;;;no_match;NO_MATCH;;
lb;;;no_match;NO_MATCH;;
zaatar;;;no_match;NO_MATCH;;
panettone;;;no_match;NO_MATCH;;
cedar plank;;;no_match;NO_MATCH;;
chopped roasted red pepper;;;no_match;NO_MATCH;;
crushed potato chip;;;no_match;NO_MATCH;;
artificial sweetener;;;no_match;NO_MATCH;;
margarita mix;;;no_match;NO_MATCH;;
kirschwasser;;;no_match;NO_MATCH;;
chicken soup base;;;no_match;NO_MATCH;;
pork rind;;;no_match;NO_MATCH;;
nutmeats;;;no_match;NO_MATCH;;
hollandaise sauce mix;;;no_match;NO_MATCH;;
louisiana hot sauce;;;no_match;NO_MATCH;;
Mars bar;;;no_match;NO_MATCH;;
tarragon leaf;;;no_match;NO_MATCH;;
minced fresh parsley;;;no_match;NO_MATCH;;
prune baby food;;;no_match;NO_MATCH;;
truffle;;;no_match;NO_MATCH;;
black treacle;;;no_match;NO_MATCH;;
rosebud;;;no_match;NO_MATCH;;
snap;;;no_match;NO_MATCH;;
finely chopped pecans;;;no_match;NO_MATCH;;
shank;;;no_match;NO_MATCH;;
drops green food coloring;;;no_match;NO_MATCH;;
coating;;;no_match;NO_MATCH;;
ice cream topping;;;no_match;NO_MATCH;;
chitterling;;;no_match;NO_MATCH;;
pumpernickel;;;no_match;NO_MATCH;;
marshmallows;;;no_match;NO_MATCH;;
ear;;;no_match;NO_MATCH;;
citron peel;;;no_match;NO_MATCH;;
salad cream;;;no_match;NO_MATCH;;
powdered;;;no_match;NO_MATCH;;
dried herbs;;;no_match;NO_MATCH;;
finely chopped pecan;;;no_match;NO_MATCH;;
fresh tarragon;;;no_match;NO_MATCH;;
strand;;;no_match;NO_MATCH;;
petal;;;no_match;NO_MATCH;;
mirliton;;;no_match;NO_MATCH;;
cubes;;;no_match;NO_MATCH;;
ranch;;;no_match;NO_MATCH;;
broccoli slaw mix;;;no_match;NO_MATCH;;
turkey ham;;;no_match;NO_MATCH;;
Cheetos;;;no_match;NO_MATCH;;
turkey pepperoni;;;no_match;NO_MATCH;;
alfredo;;;no_match;NO_MATCH;;
whole wheat penne;;;no_match;NO_MATCH;;
picante;;;no_match;NO_MATCH;;
muenster;;;no_match;NO_MATCH;;
Italian breadcrumbs;;;no_match;NO_MATCH;;
ranch dip;;;no_match;NO_MATCH;;
tubetti;;;no_match;NO_MATCH;;
Italian salad dressing mix;;;no_match;NO_MATCH;;
nugget;;;no_match;NO_MATCH;;
cups;;;no_match;NO_MATCH;;
capicola;;;no_match;NO_MATCH;;
cannelloni;;;no_match;NO_MATCH;;
boiled water;;;no_match;NO_MATCH;;
Italian salad kit;;;no_match;NO_MATCH;;
fruit spread;;;no_match;NO_MATCH;;
crushed pecan;;;no_match;NO_MATCH;;
dry pectin;;;no_match;NO_MATCH;;
tang orange drink mix;;;no_match;NO_MATCH;;
pork fillet;;;no_match;NO_MATCH;;
agar-agar;;;no_match;NO_MATCH;;
fruit pectin;;;no_match;NO_MATCH;;
tawny port;;;no_match;NO_MATCH;;
eau de vie;;;no_match;NO_MATCH;;
fajita seasoning mix;;;no_match;NO_MATCH;;
calendula flower;;;no_match;NO_MATCH;;
red wine vinaigrette;;;no_match;NO_MATCH;;
screwpine leaf;;;no_match;NO_MATCH;;
cassis;;;no_match;NO_MATCH;;
mary mix;;;no_match;NO_MATCH;;
advocaat;;;no_match;NO_MATCH;;
Tang;;;no_match;NO_MATCH;;
tartaric;;;no_match;NO_MATCH;;
piloncillo;;;no_match;NO_MATCH;;
baby food;;;no_match;NO_MATCH;;
rose extract;;;no_match;NO_MATCH;;
chai tea;;;no_match;NO_MATCH;;
aquavit;;;no_match;NO_MATCH;;
chopped fresh mint leaf;;;no_match;NO_MATCH;;
earl grey tea;;;no_match;NO_MATCH;;
sticks;;;no_match;NO_MATCH;;
egg mayonnaise;;;no_match;NO_MATCH;;
pie pastry;;;no_match;NO_MATCH;;
beef tongue;;;no_match;NO_MATCH;;
dried cilantro;;;no_match;NO_MATCH;;
egg white powder;;;no_match;NO_MATCH;;
meat tenderizer;;;no_match;NO_MATCH;;
marmite;;;no_match;NO_MATCH;;
queso blanco;;;no_match;NO_MATCH;;
kelp;;;no_match;NO_MATCH;;
brown sugar substitute;;;no_match;NO_MATCH;;
hot roll mix;;;no_match;NO_MATCH;;
rice bran;;;no_match;NO_MATCH;;
licorice root;;;no_match;NO_MATCH;;
kewra essence;;;no_match;NO_MATCH;;
fideo;;;no_match;NO_MATCH;;
elk steak;;;no_match;NO_MATCH;;
kamaboko;;;no_match;NO_MATCH;;
berbere;;;no_match;NO_MATCH;;
chopped seeded tomato;;;no_match;NO_MATCH;;
bell;;;no_match;NO_MATCH;;
liter;;;no_match;NO_MATCH;;
wakame seaweed;;;no_match;NO_MATCH;;
pocket;;;no_match;NO_MATCH;;
raspberry chipotle sauce;;;no_match;NO_MATCH;;
low sodium beef broth;;;no_match;NO_MATCH;;
package onion soup mix;;;no_match;NO_MATCH;;
steak fillet;;;no_match;NO_MATCH;;
fat-free Italian salad dressing;;;no_match;NO_MATCH;;
roll wrapper;;;no_match;NO_MATCH;;
prepared horseradish sauce;;;no_match;NO_MATCH;;
bubbles;;;no_match;NO_MATCH;;
rib eye;;;no_match;NO_MATCH;;
gochujang;;;no_match;NO_MATCH;;
carbonated lemon-lime;;;no_match;NO_MATCH;;
sprite;;;no_match;NO_MATCH;;
dal;;;no_match;NO_MATCH;;
top sirloin steak;;;no_match;NO_MATCH;;
dried soup mix;;;no_match;NO_MATCH;;
borage;;;no_match;NO_MATCH;;
kashk;;;no_match;NO_MATCH;;
ham stock;;;no_match;NO_MATCH;;
jeera;;;no_match;NO_MATCH;;
medium scallion;;;no_match;NO_MATCH;;
quahog;;;no_match;NO_MATCH;;
hibiscus flower;;;no_match;NO_MATCH;;
spear;;;no_match;NO_MATCH;;
goldschlager;;;no_match;NO_MATCH;;
dry ice;;;no_match;NO_MATCH;;
strips;;;no_match;NO_MATCH;;
chourico;;;no_match;NO_MATCH;;
Angostura bitters;;;no_match;NO_MATCH;;
white shoepeg corn;;;no_match;NO_MATCH;;
low-fat Italian salad dressing;;;no_match;NO_MATCH;;
flavor enhancer;;;no_match;NO_MATCH;;
vegetable soup mix;;;no_match;NO_MATCH;;
Galliano;;;no_match;NO_MATCH;;
turkey gravy mix;;;no_match;NO_MATCH;;
rack;;;no_match;NO_MATCH;;
dried mushroom;;;no_match;NO_MATCH;;
pork loin steak;;;no_match;NO_MATCH;;
chocolate wafer pie crust;;;no_match;NO_MATCH;;
banana cake mix;;;no_match;NO_MATCH;;
yellow cherry tomato;;;no_match;NO_MATCH;;
Russian salad dressing;;;no_match;NO_MATCH;;
Comfort;;;no_match;NO_MATCH;;
Velveeta shell;;;no_match;NO_MATCH;;
creme de coconut;;;no_match;NO_MATCH;;
rice pilaf mix;;;no_match;NO_MATCH;;
schmaltz;;;no_match;NO_MATCH;;
liner;;;no_match;NO_MATCH;;
bird eye chile;;;no_match;NO_MATCH;;
blossom;;;no_match;NO_MATCH;;
kaffir lime leaves;;;no_match;NO_MATCH;;
unsalted chicken stock;;;no_match;NO_MATCH;;
beef schnitzel;;;no_match;NO_MATCH;;
Malibu;;;no_match;NO_MATCH;;
batter;;;no_match;NO_MATCH;;
finely chopped chive;;;no_match;NO_MATCH;;
sazon goya;;;no_match;NO_MATCH;;
Substitute;;;no_match;NO_MATCH;;
vanilla cake mix;;;no_match;NO_MATCH;;
tripe;;;no_match;NO_MATCH;;
rib-eye;;;no_match;NO_MATCH;;
medium pasta shell;;;no_match;NO_MATCH;;
sheet puff pastry;;;no_match;NO_MATCH;;
myrtle;;;no_match;NO_MATCH;;
crushed corn flake;;;no_match;NO_MATCH;;
giblet;;;no_match;NO_MATCH;;
teabag;;;no_match;NO_MATCH;;
top round roast;;;no_match;NO_MATCH;;
popped popcorn;;;no_match;NO_MATCH;;
baby rocket;;;no_match;NO_MATCH;;
box yellow cake mix;;;no_match;NO_MATCH;;
Italian-style diced tomato;;;no_match;NO_MATCH;;
cooked sushi rice;;;no_match;NO_MATCH;;
sheet frozen puff pastry;;;no_match;NO_MATCH;;
cheese whiz;;;no_match;NO_MATCH;;
kadaifi;;;no_match;NO_MATCH;;
dish;;;no_match;NO_MATCH;;
petite diced tomato;;;no_match;NO_MATCH;;
corn husk;;;no_match;NO_MATCH;;
chestnut mushroom;;;no_match;NO_MATCH;;
grain and wild rice blend;;;no_match;NO_MATCH;;
orange oil;;;no_match;NO_MATCH;;
beef eye round;;;no_match;NO_MATCH;;
dried thyme leaves;;;no_match;NO_MATCH;;
Accent;;;no_match;NO_MATCH;;
filet of beef;;;no_match;NO_MATCH;;
corn beef hash;;;no_match;NO_MATCH;;
friendship starter;;;no_match;NO_MATCH;;
dashi stock;;;no_match;NO_MATCH;;
soft shortening;;;no_match;NO_MATCH;;
crumpet;;;no_match;NO_MATCH;;
meatloaf mixture;;;no_match;NO_MATCH;;
weet-bix;;;no_match;NO_MATCH;;
dried bay leaf;;;no_match;NO_MATCH;;
escargot;;;no_match;NO_MATCH;;
nonpareils;;;no_match;NO_MATCH;;
box spice cake mix;;;no_match;NO_MATCH;;
baked pie crust;;;no_match;NO_MATCH;;
rigate;;;no_match;NO_MATCH;;
toasted sliced almonds;;;no_match;NO_MATCH;;
canned chicken broth;;;no_match;NO_MATCH;;
prepared pie crust;;;no_match;NO_MATCH;;
jar marshmallow creme;;;no_match;NO_MATCH;;
double-acting baking powder;;;no_match;NO_MATCH;;
unsulphured molasses;;;no_match;NO_MATCH;;
drops red food coloring;;;no_match;NO_MATCH;;
heart of palm;;;no_match;NO_MATCH;;
sheets phyllo dough;;;no_match;NO_MATCH;;
rolo;;;no_match;NO_MATCH;;
chopped macadamia nut;;;no_match;NO_MATCH;;
blintz;;;no_match;NO_MATCH;;
guar gum;;;no_match;NO_MATCH;;
mixed mushroom;;;no_match;NO_MATCH;;
brewed tea;;;no_match;NO_MATCH;;
veal scallopini;;;no_match;NO_MATCH;;
crushed pineapple with juice;;;no_match;NO_MATCH;;
Hines;;;no_match;NO_MATCH;;
toasted chopped pecan;;;no_match;NO_MATCH;;
chopped macadamia nuts;;;no_match;NO_MATCH;;
drop green food coloring;;;no_match;NO_MATCH;;
superfine;;;no_match;NO_MATCH;;
beef blade roast;;;no_match;NO_MATCH;;
Campbells Cream of Mushroom Soup;;;no_match;NO_MATCH;;
envelope onion soup mix;;;no_match;NO_MATCH;;
carton;;;no_match;NO_MATCH;;
chicken and rice soup;;;no_match;NO_MATCH;;
spike;;;no_match;NO_MATCH;;
burghul;;;no_match;NO_MATCH;;
nuoc nam;;;no_match;NO_MATCH;;
frozen pie shell;;;no_match;NO_MATCH;;
besan;;;no_match;NO_MATCH;;
file powder;;;no_match;NO_MATCH;;
colored sprinkle;;;no_match;NO_MATCH;;
ham soup base;;;no_match;NO_MATCH;;
chopped fresh parsley leaves;;;no_match;NO_MATCH;;
cream of onion soup;;;no_match;NO_MATCH;;
herb stuffing mix;;;no_match;NO_MATCH;;
bailey;;;no_match;NO_MATCH;;
cornbread stuffing;;;no_match;NO_MATCH;;
nam pla;;;no_match;NO_MATCH;;
white cake mix;;;no_match;NO_MATCH;;
pappardelle;;;no_match;NO_MATCH;;
sections;;;no_match;NO_MATCH;;
Sweet \n Low;;;no_match;NO_MATCH;;
butter powder;;;no_match;NO_MATCH;;
Bisquick Heart Smart mix;;;no_match;NO_MATCH;;
rich chicken broth;;;no_match;NO_MATCH;;
baharat;;;no_match;NO_MATCH;;
template4;;;no_match;NO_MATCH;;
braunschweiger;;;no_match;NO_MATCH;;
triscuit;;;no_match;NO_MATCH;;
caponata;;;no_match;NO_MATCH;;
nonstick spray;;;no_match;NO_MATCH;;
Stilton;;;no_match;NO_MATCH;;
shoe peg corn;;;no_match;NO_MATCH;;
buttershots;;;no_match;NO_MATCH;;
shelled;;;no_match;NO_MATCH;;
salad mix;;;no_match;NO_MATCH;;
garni;;;no_match;NO_MATCH;;
mixed herb;;;no_match;NO_MATCH;;
beef suet;;;no_match;NO_MATCH;;
blue;;;no_match;NO_MATCH;;
soy cheese;;;no_match;NO_MATCH;;
parmesan rind;;;no_match;NO_MATCH;;
chopped red pepper;;;no_match;NO_MATCH;;
Roquefort;;;no_match;NO_MATCH;;
chai concentrate;;;no_match;NO_MATCH;;
Fritos corn chip;;;no_match;NO_MATCH;;
almond brickle chip;;;no_match;NO_MATCH;;
section;;;no_match;NO_MATCH;;
alfredo sauce mix;;;no_match;NO_MATCH;;
pignolis;;;no_match;NO_MATCH;;
fudge topping;;;no_match;NO_MATCH;;
Alfredo;;;no_match;NO_MATCH;;
frisee;;;no_match;NO_MATCH;;
maltitol;;;no_match;NO_MATCH;;
large flour tortilla;;;no_match;NO_MATCH;;
green chili salsa;;;no_match;NO_MATCH;;
sun-dried tomatoes;;;no_match;NO_MATCH;;
hard salami;;;no_match;NO_MATCH;;
non-dairy whipped topping;;;no_match;NO_MATCH;;
seasoned breadcrumb;;;no_match;NO_MATCH;;
buffalo wing sauce;;;no_match;NO_MATCH;;
toasted pine nuts;;;no_match;NO_MATCH;;
shake-n-bake;;;no_match;NO_MATCH;;
ground sage;;;no_match;NO_MATCH;;
snaps;;;no_match;NO_MATCH;;
Ro-Tel tomato;;;no_match;NO_MATCH;;
dried Italian herb seasoning;;;no_match;NO_MATCH;;
penne rigate;;;no_match;NO_MATCH;;
crisco;;;no_match;NO_MATCH;;
hormel chili;;;no_match;NO_MATCH;;
Frenchs cheddar french fried onion;;;no_match;NO_MATCH;;
pie;;;no_match;NO_MATCH;;
extra lean ground beef;;;no_match;NO_MATCH;;
Italian seasoned breadcrumbs;;;no_match;NO_MATCH;;
fresh chive;;;no_match;NO_MATCH;;
stewing beef;;;no_match;NO_MATCH;;
creamed horseradish;;;no_match;NO_MATCH;;
vegetarian ground beef;;;no_match;NO_MATCH;;
shells;;;no_match;NO_MATCH;;
lemonade drink mix;;;no_match;NO_MATCH;;
cordial;;;no_match;NO_MATCH;;
Red Bull;;;no_match;NO_MATCH;;
instant iced tea;;;no_match;NO_MATCH;;
vitamin;;;no_match;NO_MATCH;;
ready-made pie crust;;;no_match;NO_MATCH;;
Dubonnet red;;;no_match;NO_MATCH;;
dash red food coloring;;;no_match;NO_MATCH;;
pitu cachaca;;;no_match;NO_MATCH;;
zesty Italian dressing;;;no_match;NO_MATCH;;
cold freshly brewed decaffinated tea;;;no_match;NO_MATCH;;
arm roast;;;no_match;NO_MATCH;;
chokecherry;;;no_match;NO_MATCH;;
red sloe gin;;;no_match;NO_MATCH;;
carbonated beverage;;;no_match;NO_MATCH;;
beef tail;;;no_match;NO_MATCH;;
grand marnier custard;;;no_match;NO_MATCH;;
crisps;;;no_match;NO_MATCH;;
raspberry vinaigrette;;;no_match;NO_MATCH;;
splenda sugar substitute;;;no_match;NO_MATCH;;
hibiscus;;;no_match;NO_MATCH;;
raspberry tea;;;no_match;NO_MATCH;;
channa dal;;;no_match;NO_MATCH;;
package dry pectin;;;no_match;NO_MATCH;;
prepared baked pie shell;;;no_match;NO_MATCH;;
clover;;;no_match;NO_MATCH;;
everclear;;;no_match;NO_MATCH;;
dandelion flower;;;no_match;NO_MATCH;;
wine yeast;;;no_match;NO_MATCH;;
caramel apple dip;;;no_match;NO_MATCH;;
vegetable seasoning;;;no_match;NO_MATCH;;
dried lavender blossom;;;no_match;NO_MATCH;;
labneh;;;no_match;NO_MATCH;;
unsweetened instant tea;;;no_match;NO_MATCH;;
lavender blossom;;;no_match;NO_MATCH;;
handful;;;no_match;NO_MATCH;;
pie crust mix;;;no_match;NO_MATCH;;
powdered fruit pectin;;;no_match;NO_MATCH;;
garlic-flavored non-stick spray;;;no_match;NO_MATCH;;
bamboo stick;;;no_match;NO_MATCH;;
quick-rising yeast;;;no_match;NO_MATCH;;
rooibos tea;;;no_match;NO_MATCH;;
sassafras;;;no_match;NO_MATCH;;
inch cinnamon stick;;;no_match;NO_MATCH;;
darjeeling tea;;;no_match;NO_MATCH;;
aburage;;;no_match;NO_MATCH;;
veal bone;;;no_match;NO_MATCH;;
tri-tip;;;no_match;NO_MATCH;;
pig foot;;;no_match;NO_MATCH;;
part;;;no_match;NO_MATCH;;
freshly brewed black tea;;;no_match;NO_MATCH;;
reserved liquid;;;no_match;NO_MATCH;;
venison chop;;;no_match;NO_MATCH;;
beef tri-tip steak;;;no_match;NO_MATCH;;
ajinomoto;;;no_match;NO_MATCH;;
corn soup;;;no_match;NO_MATCH;;
country-style spareribs;;;no_match;NO_MATCH;;
spareribs;;;no_match;NO_MATCH;;
yellow cake batter;;;no_match;NO_MATCH;;
mini;;;no_match;NO_MATCH;;
Smart Start;;;no_match;NO_MATCH;;
herb soup mix;;;no_match;NO_MATCH;;
solid shortening;;;no_match;NO_MATCH;;
freshly fallen snow;;;no_match;NO_MATCH;;
lauki;;;no_match;NO_MATCH;;
alum;;;no_match;NO_MATCH;;
corn cob;;;no_match;NO_MATCH;;
toasted;;;no_match;NO_MATCH;;
turkey breakfast sausage;;;no_match;NO_MATCH;;
coconut aminos;;;no_match;NO_MATCH;;
bottle v-8 spicy vegetable juice;;;no_match;NO_MATCH;;
portion;;;no_match;NO_MATCH;;
hot-tamale jelly bean;;;no_match;NO_MATCH;;
sliced mild pickled pepper;;;no_match;NO_MATCH;;
sweet gherkin;;;no_match;NO_MATCH;;
yellow pear tomato;;;no_match;NO_MATCH;;
tarama;;;no_match;NO_MATCH;;
rack of rib;;;no_match;NO_MATCH;;
paradise;;;no_match;NO_MATCH;;
lamb stock;;;no_match;NO_MATCH;;
mushroom gravy;;;no_match;NO_MATCH;;
vegie stock cube;;;no_match;NO_MATCH;;
vegetarian meatball;;;no_match;NO_MATCH;;
samphire;;;no_match;NO_MATCH;;
panch phoron;;;no_match;NO_MATCH;;
ground sumac;;;no_match;NO_MATCH;;
lentil soup;;;no_match;NO_MATCH;;
wood skewer;;;no_match;NO_MATCH;;
Kashi;;;no_match;NO_MATCH;;
yellow split peas;;;no_match;NO_MATCH;;
bay leaves;;;no_match;NO_MATCH;;
sirloin strip steak;;;no_match;NO_MATCH;;
chopped caper;;;no_match;NO_MATCH;;
sugared pecan;;;no_match;NO_MATCH;;
tofutti sour cream;;;no_match;NO_MATCH;;
tobiko;;;no_match;NO_MATCH;;
mirepoix;;;no_match;NO_MATCH;;
sirloin tip roast;;;no_match;NO_MATCH;;
semi dried tomato;;;no_match;NO_MATCH;;
cassia bud;;;no_match;NO_MATCH;;
mince;;;no_match;NO_MATCH;;
beef tenderloin steak;;;no_match;NO_MATCH;;
beef-flavor ramen noodle;;;no_match;NO_MATCH;;
crushed san marzano tomato;;;no_match;NO_MATCH;;
konbu;;;no_match;NO_MATCH;;
ramen noodle soup mix;;;no_match;NO_MATCH;;
clover honey;;;no_match;NO_MATCH;;
brown beef gravy mix;;;no_match;NO_MATCH;;
well seasoned flour;;;no_match;NO_MATCH;;
sirloin beef;;;no_match;NO_MATCH;;
toasted pecan;;;no_match;NO_MATCH;;
kai lan;;;no_match;NO_MATCH;;
white port;;;no_match;NO_MATCH;;
sundried tomato tapenade;;;no_match;NO_MATCH;;
large bowl;;;no_match;NO_MATCH;;
tofu mayonnaise;;;no_match;NO_MATCH;;
beef stock granule;;;no_match;NO_MATCH;;
shredded bok choy;;;no_match;NO_MATCH;;
fresh lime leaf;;;no_match;NO_MATCH;;
package Morningstar Farms griller;;;no_match;NO_MATCH;;
marco polo noodle;;;no_match;NO_MATCH;;
sliced;;;no_match;NO_MATCH;;
instant dashi stock;;;no_match;NO_MATCH;;
dried soba noodle;;;no_match;NO_MATCH;;
aloe vera;;;no_match;NO_MATCH;;
beef rump;;;no_match;NO_MATCH;;
yellow miso;;;no_match;NO_MATCH;;
sparkling;;;no_match;NO_MATCH;;
pineapple sage leaf;;;no_match;NO_MATCH;;
minced lemongrass;;;no_match;NO_MATCH;;
hothouse;;;no_match;NO_MATCH;;
Angostura;;;no_match;NO_MATCH;;
almond meal flour;;;no_match;NO_MATCH;;
smirnoff;;;no_match;NO_MATCH;;
chopped sweet red pepper;;;no_match;NO_MATCH;;
dried garlic flake;;;no_match;NO_MATCH;;
Pimm;;;no_match;NO_MATCH;;
advieh;;;no_match;NO_MATCH;;
beef round roast;;;no_match;NO_MATCH;;
venison loin;;;no_match;NO_MATCH;;
asti spumanti;;;no_match;NO_MATCH;;
liter vegetable stock;;;no_match;NO_MATCH;;
low calorie sweetener;;;no_match;NO_MATCH;;
vegetable stock powder;;;no_match;NO_MATCH;;
hungarian yellow bell pepper;;;no_match;NO_MATCH;;
orange liquor;;;no_match;NO_MATCH;;
crispy chow mein noodles;;;no_match;NO_MATCH;;
dried New Mexico chile;;;no_match;NO_MATCH;;
romanesco;;;no_match;NO_MATCH;;
Pimms;;;no_match;NO_MATCH;;
rice noodles;;;no_match;NO_MATCH;;
Pisco;;;no_match;NO_MATCH;;
nuoc mam;;;no_match;NO_MATCH;;
tamarind powder;;;no_match;NO_MATCH;;
ketjap;;;no_match;NO_MATCH;;
bottle carbonated water;;;no_match;NO_MATCH;;
replacer powder for 2 egg;;;no_match;NO_MATCH;;
pork loin rib roast;;;no_match;NO_MATCH;;
root beer extract;;;no_match;NO_MATCH;;
alize passion fruit cognac;;;no_match;NO_MATCH;;
jar picante sauce;;;no_match;NO_MATCH;;
balm leaf;;;no_match;NO_MATCH;;
sweet-and-sour;;;no_match;NO_MATCH;;
boneless tri-tip steak;;;no_match;NO_MATCH;;
box white wave seitan;;;no_match;NO_MATCH;;
Chinese wheat noodle;;;no_match;NO_MATCH;;
highly seasoned flour;;;no_match;NO_MATCH;;
cooked rice noodle;;;no_match;NO_MATCH;;
pate;;;no_match;NO_MATCH;;
hing;;;no_match;NO_MATCH;;
diet cola;;;no_match;NO_MATCH;;
amino acid;;;no_match;NO_MATCH;;
Certo;;;no_match;NO_MATCH;;
spicy diced tomatoes;;;no_match;NO_MATCH;;
lean sirloin beef;;;no_match;NO_MATCH;;
mild salsa;;;no_match;NO_MATCH;;
sesame paste;;;no_match;NO_MATCH;;
caribou;;;no_match;NO_MATCH;;
whole bay leaf;;;no_match;NO_MATCH;;
beef bullion square;;;no_match;NO_MATCH;;
aguardiente;;;no_match;NO_MATCH;;
low sodium soy;;;no_match;NO_MATCH;;
premium grade sweet soy;;;no_match;NO_MATCH;;
jellyfish;;;no_match;NO_MATCH;;
a&w;;;no_match;NO_MATCH;;
red;;;no_match;NO_MATCH;;
navy;;;no_match;NO_MATCH;;
northern;;;no_match;NO_MATCH;;
split;;;no_match;NO_MATCH;;
yellow;;;no_match;NO_MATCH;;
orange-pekoe tea;;;no_match;NO_MATCH;;
cassia chip;;;no_match;NO_MATCH;;
calcium;;;no_match;NO_MATCH;;
venison steak;;;no_match;NO_MATCH;;
maifun;;;no_match;NO_MATCH;;
recipe plain pie pastry;;;no_match;NO_MATCH;;
twist;;;no_match;NO_MATCH;;
deer meat;;;no_match;NO_MATCH;;
panini;;;no_match;NO_MATCH;;
elk roast;;;no_match;NO_MATCH;;
hearts of palm;;;no_match;NO_MATCH;;
dried ground thyme;;;no_match;NO_MATCH;;
powdered egg white;;;no_match;NO_MATCH;;
masala leaf;;;no_match;NO_MATCH;;
cooked radiatore;;;no_match;NO_MATCH;;
wooden popsicle stick;;;no_match;NO_MATCH;;
ground thyme;;;no_match;NO_MATCH;;
flank;;;no_match;NO_MATCH;;
fresh tarragon leaf;;;no_match;NO_MATCH;;
sweet rice wine;;;no_match;NO_MATCH;;
beef chuck steak;;;no_match;NO_MATCH;;
walker chicken potato chip;;;no_match;NO_MATCH;;
chopped fresh thyme leaves;;;no_match;NO_MATCH;;
sun dried tomato vinaigrette dressing;;;no_match;NO_MATCH;;
baby bok choy;;;no_match;NO_MATCH;;
gai choy;;;no_match;NO_MATCH;;
nori sheet;;;no_match;NO_MATCH;;
small soft flour tortilla;;;no_match;NO_MATCH;;
turkey chourico;;;no_match;NO_MATCH;;
shaoxing rice wine;;;no_match;NO_MATCH;;
falafel;;;no_match;NO_MATCH;;
scungilli;;;no_match;NO_MATCH;;
cube chicken stock;;;no_match;NO_MATCH;;
veal medallion;;;no_match;NO_MATCH;;
egg replacer;;;no_match;NO_MATCH;;
cranberry muffin mix;;;no_match;NO_MATCH;;
choy sum;;;no_match;NO_MATCH;;
chilled shortening;;;no_match;NO_MATCH;;
formula;;;no_match;NO_MATCH;;
threebe;;;no_match;NO_MATCH;;
frozen tart shell;;;no_match;NO_MATCH;;
chicken salad;;;no_match;NO_MATCH;;
minced fresh tarragon;;;no_match;NO_MATCH;;
mesquite wood chip;;;no_match;NO_MATCH;;
gyoza skin;;;no_match;NO_MATCH;;
no-calorie artificial sweetener;;;no_match;NO_MATCH;;
pluot;;;no_match;NO_MATCH;;
little smokie cocktail frank;;;no_match;NO_MATCH;;
lecithin;;;no_match;NO_MATCH;;
sour cream and chive Pasta Roni;;;no_match;NO_MATCH;;
beef consomme soup;;;no_match;NO_MATCH;;
reserved poaching water;;;no_match;NO_MATCH;;
Pillsbury Grands refrigerated cinnamon roll;;;no_match;NO_MATCH;;
gold tequila;;;no_match;NO_MATCH;;
Bacardi Fuzzy Navel mix;;;no_match;NO_MATCH;;
chicken-flavored vegetarian seasoning;;;no_match;NO_MATCH;;
szechuan stir-fry sauce;;;no_match;NO_MATCH;;
breading;;;no_match;NO_MATCH;;
green cardamom powder;;;no_match;NO_MATCH;;
chicken gravy mix;;;no_match;NO_MATCH;;
shiitake;;;no_match;NO_MATCH;;
Jiffy cornbread mix;;;no_match;NO_MATCH;;
raspberry-flavored sparkling water;;;no_match;NO_MATCH;;
Jiffy corn muffin mix;;;no_match;NO_MATCH;;
sugar-free caramel topping;;;no_match;NO_MATCH;;
togarashi;;;no_match;NO_MATCH;;
chamomile flower;;;no_match;NO_MATCH;;
lamington;;;no_match;NO_MATCH;;
nama shoyu;;;no_match;NO_MATCH;;
malibu coconut;;;no_match;NO_MATCH;;
fresh ground red pepper;;;no_match;NO_MATCH;;
elk rump roast;;;no_match;NO_MATCH;;
dried tomato;;;no_match;NO_MATCH;;
ramp;;;no_match;NO_MATCH;;
sorghum molasses;;;no_match;NO_MATCH;;
bullion cube;;;no_match;NO_MATCH;;
boniato;;;no_match;NO_MATCH;;
nutri whip;;;no_match;NO_MATCH;;
galangal root;;;no_match;NO_MATCH;;
sambal;;;no_match;NO_MATCH;;
large prepared tart shell;;;no_match;NO_MATCH;;
vitamin C powder;;;no_match;NO_MATCH;;
peels;;;no_match;NO_MATCH;;
chana masala;;;no_match;NO_MATCH;;
pandan leaf;;;no_match;NO_MATCH;;
Equal sugar substitute;;;no_match;NO_MATCH;;
veal fillet;;;no_match;NO_MATCH;;
fruit dip mix;;;no_match;NO_MATCH;;
caramel dip;;;no_match;NO_MATCH;;
barramundi;;;no_match;NO_MATCH;;
box white cake mix;;;no_match;NO_MATCH;;
drop vegetable oil;;;no_match;NO_MATCH;;
Swanson chicken broth;;;no_match;NO_MATCH;;
Chex Mix;;;no_match;NO_MATCH;;
sponge cake shell;;;no_match;NO_MATCH;;
farafalle;;;no_match;NO_MATCH;;
moose rump roast;;;no_match;NO_MATCH;;
sheet aluminum foil;;;no_match;NO_MATCH;;
corn tortillas;;;no_match;NO_MATCH;;
swiss steak;;;no_match;NO_MATCH;;
frying;;;no_match;NO_MATCH;;
gammon;;;no_match;NO_MATCH;;
dried whole thyme;;;no_match;NO_MATCH;;
inches unbaked pie shell;;;no_match;NO_MATCH;;
noodle soup;;;no_match;NO_MATCH;;
Willow Run soy margarine;;;no_match;NO_MATCH;;
8-inch unbaked pie shell;;;no_match;NO_MATCH;;
jigger;;;no_match;NO_MATCH;;
sheet nori;;;no_match;NO_MATCH;;
chowder;;;no_match;NO_MATCH;;
condensed chicken noodle soup;;;no_match;NO_MATCH;;
roughly chopped pine nuts;;;no_match;NO_MATCH;;
deer chop;;;no_match;NO_MATCH;;
bottle ginger ale;;;no_match;NO_MATCH;;
nasturtium;;;no_match;NO_MATCH;;
pork cube steak;;;no_match;NO_MATCH;;
diced turkey;;;no_match;NO_MATCH;;
soy vay;;;no_match;NO_MATCH;;
partridge;;;no_match;NO_MATCH;;
purslane;;;no_match;NO_MATCH;;
saba;;;no_match;NO_MATCH;;
apple dip;;;no_match;NO_MATCH;;
pad Thai sauce;;;no_match;NO_MATCH;;
barbecue potato chips;;;no_match;NO_MATCH;;
sweet bean paste;;;no_match;NO_MATCH;;
boiling chicken stock;;;no_match;NO_MATCH;;
goya sazon;;;no_match;NO_MATCH;;
veal steak;;;no_match;NO_MATCH;;
vermicelli mix;;;no_match;NO_MATCH;;
cold vegetable broth;;;no_match;NO_MATCH;;
flat mushroom;;;no_match;NO_MATCH;;
fresh chervil;;;no_match;NO_MATCH;;
sheet phyllo pastry;;;no_match;NO_MATCH;;
lemon grass root;;;no_match;NO_MATCH;;
cooked mashed potatoes;;;no_match;NO_MATCH;;
pork schnitzel;;;no_match;NO_MATCH;;
halved cherry tomato;;;no_match;NO_MATCH;;
piece bay leaf;;;no_match;NO_MATCH;;
diced plum tomato;;;no_match;NO_MATCH;;
fresh sweet red pepper;;;no_match;NO_MATCH;;
sprig fresh dill;;;no_match;NO_MATCH;;
fresh bay leaf;;;no_match;NO_MATCH;;
real;;;no_match;NO_MATCH;;
konafah;;;no_match;NO_MATCH;;
miniature phyllo cup;;;no_match;NO_MATCH;;
box lemon cake mix;;;no_match;NO_MATCH;;
pin;;;no_match;NO_MATCH;;
miso water;;;no_match;NO_MATCH;;
coarsely chopped pecan;;;no_match;NO_MATCH;;
slider roll;;1599;no_match;NO_MATCH;;
amish batter;;;no_match;NO_MATCH;;
peep;;;no_match;NO_MATCH;;
package lemon cake mix;;;no_match;NO_MATCH;;
pappadam;;;no_match;NO_MATCH;;
whole wheat noodle;;;no_match;NO_MATCH;;
sugar beet molasses;;;no_match;NO_MATCH;;
mead;;;no_match;NO_MATCH;;
piri-piri;;;no_match;NO_MATCH;;
wood chip;;;no_match;NO_MATCH;;
bran bud;;;no_match;NO_MATCH;;
refrigerated pie crust;;;no_match;NO_MATCH;;
baloney;;;no_match;NO_MATCH;;
cold margarine;;;no_match;NO_MATCH;;
tenderizer;;;no_match;NO_MATCH;;
chunky salsa;;;no_match;NO_MATCH;;
onion paste;;;no_match;NO_MATCH;;
gluten free flour mix;;;no_match;NO_MATCH;;
grated fresh nutmeg;;;no_match;NO_MATCH;;
lamb pluck;;;no_match;NO_MATCH;;
framboise;;;no_match;NO_MATCH;;
nip;;;no_match;NO_MATCH;;
japanese rice wine;;;no_match;NO_MATCH;;
container apple crumble mix;;;no_match;NO_MATCH;;
sugar twin;;;no_match;NO_MATCH;;
powdered sweetened pink lemonade mix;;;no_match;NO_MATCH;;
white morsels;;;no_match;NO_MATCH;;
kumquat puree;;;no_match;NO_MATCH;;
acorn meal;;;no_match;NO_MATCH;;
chipits;;;no_match;NO_MATCH;;
caramel icing;;;no_match;NO_MATCH;;
poi;;;no_match;NO_MATCH;;
other;;;no_match;NO_MATCH;;
smooth applesauce;;;no_match;NO_MATCH;;
frog leg;;;no_match;NO_MATCH;;
grape molasses;;;no_match;NO_MATCH;;
adzuki bean paste;;;no_match;NO_MATCH;;
liquid stevia;;;no_match;NO_MATCH;;
sesame seed paste;;;no_match;NO_MATCH;;
mapleine;;;no_match;NO_MATCH;;
toasted chopped hazelnut;;;no_match;NO_MATCH;;
nonpareil;;;no_match;NO_MATCH;;
soy lecithin;;;no_match;NO_MATCH;;
bittersweet;;;no_match;NO_MATCH;;
portion hermann batter thats me!;;;no_match;NO_MATCH;;
dark unsulphured molasses;;;no_match;NO_MATCH;;
sambal powder;;;no_match;NO_MATCH;;
hickory-flavored liquid smoke;;;no_match;NO_MATCH;;
finely chopped green tomato;;;no_match;NO_MATCH;;
veal chop;;;no_match;NO_MATCH;;
tap water;;;no_match;NO_MATCH;;
box corn muffin mix;;;no_match;NO_MATCH;;
burnet;;;no_match;NO_MATCH;;
gingerbread cake mix;;;no_match;NO_MATCH;;
sucanat with honey;;;no_match;NO_MATCH;;
succotash;;;no_match;NO_MATCH;;
orange paste food coloring;;;no_match;NO_MATCH;;
raw pecans;;;no_match;NO_MATCH;;
thyme honey;;;no_match;NO_MATCH;;
jar mushroom;;;no_match;NO_MATCH;;
Milky Way;;;no_match;NO_MATCH;;
fried potato cake;;;no_match;NO_MATCH;;
prepared eggnog;;;no_match;NO_MATCH;;
slice of spicy salami;;;no_match;NO_MATCH;;
sliced red pepper;;;no_match;NO_MATCH;;
canistel;;;no_match;NO_MATCH;;
frozen meatball;;;no_match;NO_MATCH;;
brer rabbit molasses;;;no_match;NO_MATCH;;
beef chuck;;;no_match;NO_MATCH;;
garlic and herb sauce mix;;;no_match;NO_MATCH;;
Salad Supreme dry seasoning;;;no_match;NO_MATCH;;
pineapple cake mix;;;no_match;NO_MATCH;;
baby corn cob;;;no_match;NO_MATCH;;
grated cucuzza;;;no_match;NO_MATCH;;
soup powder;;;no_match;NO_MATCH;;
kraft sun-dried tomato vinaigrette dressing;;;no_match;NO_MATCH;;
air popped popcorn;;;no_match;NO_MATCH;;
frozen puff pastry;;;no_match;NO_MATCH;;
ahi;;;no_match;NO_MATCH;;
vindaloo masala;;;no_match;NO_MATCH;;
corn muffin;;;no_match;NO_MATCH;;
medium mushroom;;;no_match;NO_MATCH;;
craft stick;;;no_match;NO_MATCH;;
chow mein;;;no_match;NO_MATCH;;
jalapeno sauce;;;no_match;NO_MATCH;;
sprig fresh parsley;;;no_match;NO_MATCH;;
jar red pepper sauce;;;no_match;NO_MATCH;;
lid;;;no_match;NO_MATCH;;
pastry sheet;;;no_match;NO_MATCH;;
claws;;;no_match;NO_MATCH;;
cumquat marmalade;;;no_match;NO_MATCH;;
fresh wild rose petal;;;no_match;NO_MATCH;;
canela;;;no_match;NO_MATCH;;
masago;;;no_match;NO_MATCH;;
Turkish Delight;;;no_match;NO_MATCH;;
prepared pie pastry;;;no_match;NO_MATCH;;
seasoned breadcrumbs;;;no_match;NO_MATCH;;
gold dust;;;no_match;NO_MATCH;;
eau-de-vie;;;no_match;NO_MATCH;;
coarsley grated orange rind;;;no_match;NO_MATCH;;
spiced gumdrop;;;no_match;NO_MATCH;;
Bulgar;;;no_match;NO_MATCH;;
chopped gumdrop;;;no_match;NO_MATCH;;
rosette;;;no_match;NO_MATCH;;
glitter;;;no_match;NO_MATCH;;
finely ground blanched almond meal;;;no_match;NO_MATCH;;
dry-roasted cricket;;;no_match;NO_MATCH;;
balls;;;no_match;NO_MATCH;;
chopped toasted pecan;;;no_match;NO_MATCH;;
cola drink;;;no_match;NO_MATCH;;
peeled;;;no_match;NO_MATCH;;
bisquick biscuit mix;;;no_match;NO_MATCH;;
packaged brownie mix;;;no_match;NO_MATCH;;
instant Tang orange drink;;;no_match;NO_MATCH;;
baking cup;;;no_match;NO_MATCH;;
apple wood chip;;;no_match;NO_MATCH;;
xylitol;;;no_match;NO_MATCH;;
prepared mincemeat;;;no_match;NO_MATCH;;
honey comb;;;no_match;NO_MATCH;;
dried lavender;;;no_match;NO_MATCH;;
triple-sec;;;no_match;NO_MATCH;;
crushed;;;no_match;NO_MATCH;;
hot boiled water;;;no_match;NO_MATCH;;
heath bit;;;no_match;NO_MATCH;;
nonfat chicken broth;;;no_match;NO_MATCH;;
liquorice allsort;;;no_match;NO_MATCH;;
chopped nutmeat;;;no_match;NO_MATCH;;
regular-sized marshmallow;;;no_match;NO_MATCH;;
fermented bean curd;;;no_match;NO_MATCH;;
wasabi mashed potato;;;no_match;NO_MATCH;;
baharat spice mix;;;no_match;NO_MATCH;;
beefy onion soup mix;;;no_match;NO_MATCH;;
rosehip tea;;;no_match;NO_MATCH;;
raspberry Jello;;;no_match;NO_MATCH;;
scotch;;;no_match;NO_MATCH;;
full sized ice cube;;;no_match;NO_MATCH;;
Twinkies;;;no_match;NO_MATCH;;
meringue nest;;;no_match;NO_MATCH;;
drop red pepper sauce;;;no_match;NO_MATCH;;
grand marnier;;;no_match;NO_MATCH;;
stalk fresh oregano;;;no_match;NO_MATCH;;
chamomile;;;no_match;NO_MATCH;;
finely chopped lemongrass;;;no_match;NO_MATCH;;
boiling;;;no_match;NO_MATCH;;
posole;;;no_match;NO_MATCH;;
jar bushs chili;;;no_match;NO_MATCH;;
waffle cone;;;no_match;NO_MATCH;;
ReaLemon;;;no_match;NO_MATCH;;
venison heart;;;no_match;NO_MATCH;;
squirrel;;;no_match;NO_MATCH;;
fresh rosemary leaf;;;no_match;NO_MATCH;;
white cream-style corn;;;no_match;NO_MATCH;;
aspic;;;no_match;NO_MATCH;;
hot pepper sesame oil;;;no_match;NO_MATCH;;
aspen mulling spice;;;no_match;NO_MATCH;;
golden cream of mushroom soup;;;no_match;NO_MATCH;;
Heath Bar;;;no_match;NO_MATCH;;
packaged puff pastry;;;no_match;NO_MATCH;;
cooked mashed potato;;;no_match;NO_MATCH;;
beef stock powder;;;no_match;NO_MATCH;;
walnut meal;;;no_match;NO_MATCH;;
Rotel;;;no_match;NO_MATCH;;
packet Splenda sugar substitute;;1599;no_match;NO_MATCH;;
butterbean;;;no_match;NO_MATCH;;
phyllo tart shell;;;no_match;NO_MATCH;;
salted caramel sauce;;;no_match;NO_MATCH;;
slivered brazil nut;;;no_match;NO_MATCH;;
european-style artisan bread flour;;;no_match;NO_MATCH;;
pork skin;;;no_match;NO_MATCH;;
crystals;;;no_match;NO_MATCH;;
chopped toasted pecans;;;no_match;NO_MATCH;;
Weet-Bix;;;no_match;NO_MATCH;;
foil liner;;;no_match;NO_MATCH;;
burnt end;;;no_match;NO_MATCH;;
crunchy chow mein noodle;;;no_match;NO_MATCH;;
sour cream pie crust;;;no_match;NO_MATCH;;
buttered bread crumb;;;no_match;NO_MATCH;;
caster;;;no_match;NO_MATCH;;
cold cut;;;no_match;NO_MATCH;;
chow mein noodles;;;no_match;NO_MATCH;;
home fry;;;no_match;NO_MATCH;;
grappa;;;no_match;NO_MATCH;;
crab cake seasoning;;;no_match;NO_MATCH;;
stollen;;;no_match;NO_MATCH;;
fresh edible flower;;;no_match;NO_MATCH;;
smash seasoning;;;no_match;NO_MATCH;;
filo pastry;;;no_match;NO_MATCH;;
andouille;;;no_match;NO_MATCH;;
nog;;;no_match;NO_MATCH;;
nib;;;no_match;NO_MATCH;;
sodium-free chicken stock;;;no_match;NO_MATCH;;
cornbread muffin mix;;;no_match;NO_MATCH;;
sweet pickle juice;;;no_match;NO_MATCH;;
fresh salsa;;;no_match;NO_MATCH;;
dried oregano leaf;;;no_match;NO_MATCH;;
side;;;no_match;NO_MATCH;;
pork gravy mix;;;no_match;NO_MATCH;;
turkey giblets;;1599;no_match;NO_MATCH;;
vanilla sponge cake;;;no_match;NO_MATCH;;
pie dough;;;no_match;NO_MATCH;;
ice cubes;;;no_match;NO_MATCH;;
mahlepi;;;no_match;NO_MATCH;;
rava;;;no_match;NO_MATCH;;
heavy;;;no_match;NO_MATCH;;
ground rose petal;;;no_match;NO_MATCH;;
bok;;;no_match;NO_MATCH;;
grilling rack;;;no_match;NO_MATCH;;
threads;;;no_match;NO_MATCH;;
topside roast;;;no_match;NO_MATCH;;
rose essence;;;no_match;NO_MATCH;;
milk gravy;;;no_match;NO_MATCH;;
jar chocolate fudge topping;;;no_match;NO_MATCH;;
rump;;;no_match;NO_MATCH;;
mesquite wood chips;;;no_match;NO_MATCH;;
cold carbonated water;;;no_match;NO_MATCH;;
khoya;;;no_match;NO_MATCH;;
roux;;;no_match;NO_MATCH;;
leftover;;;no_match;NO_MATCH;;
leftover prepared stuffing;;;no_match;NO_MATCH;;
Pepperidge Farm stuffing;;;no_match;NO_MATCH;;
chopped mixed candied fruit;;;no_match;NO_MATCH;;
wedges;;;no_match;NO_MATCH;;
menthe;;;no_match;NO_MATCH;;
tomato jam;;;no_match;NO_MATCH;;
Italian style breadcrumbs;;;no_match;NO_MATCH;;
nest;;;no_match;NO_MATCH;;
box vanilla cake mix;;;no_match;NO_MATCH;;
vanilla custard powder;;;no_match;NO_MATCH;;
hpnotiq;;;no_match;NO_MATCH;;
herb seasoned stuffing mix;;;no_match;NO_MATCH;;
large bay leaf;;;no_match;NO_MATCH;;
macadamias;;;no_match;NO_MATCH;;
rioja;;;no_match;NO_MATCH;;
dried rice noodle;;;no_match;NO_MATCH;;
herb de provence;;;no_match;NO_MATCH;;
charoli;;;no_match;NO_MATCH;;
seasoned stuffing mix;;;no_match;NO_MATCH;;
chicken consomme;;;no_match;NO_MATCH;;
farl;;;no_match;NO_MATCH;;
beef stock cube;;;no_match;NO_MATCH;;
annatto water;;;no_match;NO_MATCH;;
whole wheat ziti;;;no_match;NO_MATCH;;
box Sure-Jell;;;no_match;NO_MATCH;;
box sure-gel fruit pectin;;;no_match;NO_MATCH;;
beef marrow;;;no_match;NO_MATCH;;
buttercake mix;;;no_match;NO_MATCH;;
fat-free fat-free liquid egg product;;;no_match;NO_MATCH;;
box powder;;;no_match;NO_MATCH;;
butterscotch extract;;;no_match;NO_MATCH;;
crackling;;;no_match;NO_MATCH;;
manchego;;;no_match;NO_MATCH;;
frozen phyllo dough;;;no_match;NO_MATCH;;
ramen;;;no_match;NO_MATCH;;
brickle chip;;;no_match;NO_MATCH;;
dried rosemary leaf;;;no_match;NO_MATCH;;
bottled caesar salad dressing;;;no_match;NO_MATCH;;
tomato base seafood sauce;;;no_match;NO_MATCH;;
french cornichon;;;no_match;NO_MATCH;;
spinach noodle;;;no_match;NO_MATCH;;
kataifi pastry;;;no_match;NO_MATCH;;
wakame;;;no_match;NO_MATCH;;
arame;;;no_match;NO_MATCH;;
mushroom soup mix;;;no_match;NO_MATCH;;
log;;;no_match;NO_MATCH;;
parsley sprig;;;no_match;NO_MATCH;;
isolate;;;no_match;NO_MATCH;;
salad blend;;;no_match;NO_MATCH;;
lavash;;;no_match;NO_MATCH;;
protector;;;no_match;NO_MATCH;;
blade pot roast;;;no_match;NO_MATCH;;
spirulina powder;;;no_match;NO_MATCH;;
reduced-sodium chicken broth;;;no_match;NO_MATCH;;
boneless beef top sirloin steak;;;no_match;NO_MATCH;;
black caraway;;;no_match;NO_MATCH;;
galanga powder;;;no_match;NO_MATCH;;
steamed long-grain white rice;;;no_match;NO_MATCH;;
primadona Italian dressing;;;no_match;NO_MATCH;;
whole wheat couscous;;;no_match;NO_MATCH;;
cooked;;;no_match;NO_MATCH;;
Pickapeppa Sauce;;;no_match;NO_MATCH;;
lavender bud;;;no_match;NO_MATCH;;
prepared refrigerated polenta;;;no_match;NO_MATCH;;
Mexican-style tomato;;;no_match;NO_MATCH;;
packet dry enchilada mix;;;no_match;NO_MATCH;;
chocolate chip bread;;;no_match;NO_MATCH;;
crumb crust;;;no_match;NO_MATCH;;
herb stock;;;no_match;NO_MATCH;;
mini pita pocket;;;no_match;NO_MATCH;;
template5;;;no_match;NO_MATCH;;
Skor chips;;;no_match;NO_MATCH;;
korma paste;;;no_match;NO_MATCH;;
bottled Italian salad dressing;;;no_match;NO_MATCH;;
beef hot dog;;;no_match;NO_MATCH;;
cut;;;no_match;NO_MATCH;;
deli roast beef;;;no_match;NO_MATCH;;
mini meringue;;;no_match;NO_MATCH;;
creamed honey;;;no_match;NO_MATCH;;
pre-baked pie crust;;;no_match;NO_MATCH;;
hot carbonated lemon-lime beverage;;;no_match;NO_MATCH;;
cold carbonated lemon-lime beverage;;;no_match;NO_MATCH;;
low-sodium tamari;;;no_match;NO_MATCH;;
lecithin granules;;;no_match;NO_MATCH;;
crisco butter flavor shortening;;;no_match;NO_MATCH;;
nettle;;;no_match;NO_MATCH;;
cinnamon spread;;;no_match;NO_MATCH;;
cucumber ranch dressing;;;no_match;NO_MATCH;;
caesar salad dressing mix;;;no_match;NO_MATCH;;
yellow grape tomato;;;no_match;NO_MATCH;;
rapini;;;no_match;NO_MATCH;;
funghi;;;no_match;NO_MATCH;;
continental hot dog;;;no_match;NO_MATCH;;
acini di pepe;;;no_match;NO_MATCH;;
kalamata;;;no_match;NO_MATCH;;
reserved pasta cooking liquid;;;no_match;NO_MATCH;;
cold mashed potatoes;;;no_match;NO_MATCH;;
finely chopped young pecans;;;no_match;NO_MATCH;;
rennet;;;no_match;NO_MATCH;;
quorn mince;;;no_match;NO_MATCH;;
gravy granule;;;no_match;NO_MATCH;;
boxes;;;no_match;NO_MATCH;;
Milk Dud;;;no_match;NO_MATCH;;
bubble;;;no_match;NO_MATCH;;
M&M bits;;;no_match;NO_MATCH;;
jelly powder;;;no_match;NO_MATCH;;
stars;;;no_match;NO_MATCH;;
Frito corn chips;;;no_match;NO_MATCH;;
italian salami;;;no_match;NO_MATCH;;
medium;;;no_match;NO_MATCH;;
huy fong sriracha garlic sauce;;;no_match;NO_MATCH;;
canned low sodium chicken broth;;;no_match;NO_MATCH;;
package Hidden Valley Original Ranch Dips Mix;;;no_match;NO_MATCH;;
envelope country gravy mix;;;no_match;NO_MATCH;;
ammonia;;;no_match;NO_MATCH;;
taco;;;no_match;NO_MATCH;;
souffer;;;no_match;NO_MATCH;;
bottle smuckers fat-free butterscotch ice cream topping;;;no_match;NO_MATCH;;
pink lemonade powdered drink mix;;;no_match;NO_MATCH;;
wash;;;no_match;NO_MATCH;;
sprig fresh tarragon;;;no_match;NO_MATCH;;
I Cant Believe Its Not Butter Fat Free;;;no_match;NO_MATCH;;
package poundcake mix;;;no_match;NO_MATCH;;
Bisquick mix;;;no_match;NO_MATCH;;
thick apple butter;;;no_match;NO_MATCH;;
muscat;;;no_match;NO_MATCH;;
unsalted vegan butter;;;no_match;NO_MATCH;;
herb breadcrumb;;;no_match;NO_MATCH;;
1/3 lb;;;no_match;NO_MATCH;;
regular pie crust;;;no_match;NO_MATCH;;
package Lipton Onion Soup Mix;;;no_match;NO_MATCH;;
kefalotyri;;;no_match;NO_MATCH;;
verbena leaf;;;no_match;NO_MATCH;;
minced jalapeno pepper;;;no_match;NO_MATCH;;
dulce de leche;;;no_match;NO_MATCH;;
canned ingredient;;;no_match;NO_MATCH;;
coffee ice cube;;;no_match;NO_MATCH;;
sweet ground sausage;;;no_match;NO_MATCH;;
fresh rhubarb;;;no_match;NO_MATCH;;
fettucine;;;no_match;NO_MATCH;;
orange sprinkles;;;no_match;NO_MATCH;;
flav-r-bite;;;no_match;NO_MATCH;;
tart crust;;;no_match;NO_MATCH;;
spanish chorizo;;;no_match;NO_MATCH;;
parsley sauce;;;no_match;NO_MATCH;;
porcini;;;no_match;NO_MATCH;;
blue food coloring;;;no_match;NO_MATCH;;
mornay sauce;;;no_match;NO_MATCH;;
chopped peeled tart apple;;;no_match;NO_MATCH;;
packet hollandaise sauce;;;no_match;NO_MATCH;;
frozen oven chip;;;no_match;NO_MATCH;;
savoiardi;;;no_match;NO_MATCH;;
muffin tin;;;no_match;NO_MATCH;;
parmesan flavored breadcrumb;;;no_match;NO_MATCH;;
Jack Daniels Black Label Mix;;;no_match;NO_MATCH;;
sweet corn relish;;;no_match;NO_MATCH;;
dried mixed herb;;;no_match;NO_MATCH;;
glaze extract;;;no_match;NO_MATCH;;
chopped escarole;;;no_match;NO_MATCH;;
chopped fresh parsley leaf;;;no_match;NO_MATCH;;
dry chopped mint;;;no_match;NO_MATCH;;
Pillsbury sugar cookie dough;;;no_match;NO_MATCH;;
mache;;;no_match;NO_MATCH;;
roast chicken seasoning;;;no_match;NO_MATCH;;
corn on the cob;;;no_match;NO_MATCH;;
sheets nori;;;no_match;NO_MATCH;;
dry vegetable soup mix;;;no_match;NO_MATCH;;
hot fudge sauce;;;no_match;NO_MATCH;;
drops red gel food coloring;;;no_match;NO_MATCH;;
tarhana;;;no_match;NO_MATCH;;
licorice string;;;no_match;NO_MATCH;;
wasa;;;no_match;NO_MATCH;;
veal scallop;;;no_match;NO_MATCH;;
cervelat;;;no_match;NO_MATCH;;
veal stock;;;no_match;NO_MATCH;;
hundreds and thousands;;;no_match;NO_MATCH;;
za\atar;;;no_match;NO_MATCH;;
assorted baby green;;;no_match;NO_MATCH;;
decorating icing;;;no_match;NO_MATCH;;
reserved pasta water;;;no_match;NO_MATCH;;
liquid sugar substitute;;;no_match;NO_MATCH;;
ground veal;;;no_match;NO_MATCH;;
steak-um;;;no_match;NO_MATCH;;
fresh fettuccine;;;no_match;NO_MATCH;;
shell macaroni;;;no_match;NO_MATCH;;
mixed herbs;;;no_match;NO_MATCH;;
crushed pork rind;;;no_match;NO_MATCH;;
garlic rice and vermicelli mix;;;no_match;NO_MATCH;;
grated peel;;;no_match;NO_MATCH;;
topping mix;;;no_match;NO_MATCH;;
strawberry drink mix;;;no_match;NO_MATCH;;
sheet phyllo dough;;;no_match;NO_MATCH;;
caciocavallo;;;no_match;NO_MATCH;;
raspberry junket danish dessert mix;;;no_match;NO_MATCH;;
miniature M&M baking bits;;;no_match;NO_MATCH;;
Jagermeister;;;no_match;NO_MATCH;;
duck fat;;;no_match;NO_MATCH;;
chopped fresh thyme;;;no_match;NO_MATCH;;
pumpkin pie mix;;;no_match;NO_MATCH;;
aji yellow paste;;;no_match;NO_MATCH;;
dried sweet basil leaf;;;no_match;NO_MATCH;;
casarecce;;;no_match;NO_MATCH;;
miniature tart shell;;;no_match;NO_MATCH;;
scallop squash;;;no_match;NO_MATCH;;
hot chicken stock;;;no_match;NO_MATCH;;
hot verde sauce;;;no_match;NO_MATCH;;
cheese dressing;;;no_match;NO_MATCH;;
bottled caramel topping;;;no_match;NO_MATCH;;
grill-mate;;;no_match;NO_MATCH;;
portabella;;;no_match;NO_MATCH;;
macadamia nuts;;;no_match;NO_MATCH;;
gluten free flour;;;no_match;NO_MATCH;;
sbrinz;;;no_match;NO_MATCH;;
veal mince;;;no_match;NO_MATCH;;
fideos;;;no_match;NO_MATCH;;
pioneer biscuit mix;;;no_match;NO_MATCH;;
vol-au-vent;;;no_match;NO_MATCH;;
meat stock;;;no_match;NO_MATCH;;
chia;;;no_match;NO_MATCH;;
Skor chip;;;no_match;NO_MATCH;;
calcium powder;;;no_match;NO_MATCH;;
dry cider;;;no_match;NO_MATCH;;
Kraft caramel;;;no_match;NO_MATCH;;
crushed pecans;;;no_match;NO_MATCH;;
topping flour;;;no_match;NO_MATCH;;
charcoal;;;no_match;NO_MATCH;;
small corn tortilla;;;no_match;NO_MATCH;;
gravy browner;;;no_match;NO_MATCH;;
southern comfort;;;no_match;NO_MATCH;;
rich;;;no_match;NO_MATCH;;
hard roll;;;no_match;NO_MATCH;;
false cardamom powder;;;no_match;NO_MATCH;;
butterscotch topping;;;no_match;NO_MATCH;;
dash yellow food coloring;;;no_match;NO_MATCH;;
low-sugar apple butter;;;no_match;NO_MATCH;;
Nutrasweet;;;no_match;NO_MATCH;;
package almond brickle chip;;;no_match;NO_MATCH;;
fat-free chicken broth;;;no_match;NO_MATCH;;
fat-free cream of chicken soup;;;no_match;NO_MATCH;;
hash;;;no_match;NO_MATCH;;
cloth;;;no_match;NO_MATCH;;
sour cream with chives;;;no_match;NO_MATCH;;
large clove;;;no_match;NO_MATCH;;
packet asian home gourmet butter chicken paste;;;no_match;NO_MATCH;;
bitter orange marmalade;;;no_match;NO_MATCH;;
turkey giblet;;;no_match;NO_MATCH;;
reserved chicken broth;;;no_match;NO_MATCH;;
shortbread pie crust;;;no_match;NO_MATCH;;
fresh linguine;;;no_match;NO_MATCH;;
taquito;;;no_match;NO_MATCH;;
ground rosemary;;;no_match;NO_MATCH;;
large sweet banana pepper;;;no_match;NO_MATCH;;
gluten-free breadcrumbs;;;no_match;NO_MATCH;;
marshmallow fluff;;;no_match;NO_MATCH;;
mushroom stock cube;;;no_match;NO_MATCH;;
fudge sauce;;;no_match;NO_MATCH;;
wiener;;;no_match;NO_MATCH;;
large sage leaf;;;no_match;NO_MATCH;;
glutamate;;;no_match;NO_MATCH;;
envelope dry vegetable soup mix;;;no_match;NO_MATCH;;
aji limo chile;;;no_match;NO_MATCH;;
dry enchilada mix;;;no_match;NO_MATCH;;
package corn tortilla;;;no_match;NO_MATCH;;
Snackwells cinnamon snack;;;no_match;NO_MATCH;;
canned cherry pie filling;;;no_match;NO_MATCH;;
box chicken rice-a-roni;;;no_match;NO_MATCH;;
box of fried rice w/ almonds Rice-A-Roni;;;no_match;NO_MATCH;;
origanum;;;no_match;NO_MATCH;;
v- 8 vegetable juice;;;no_match;NO_MATCH;;
prepared caramel ice cream topping;;;no_match;NO_MATCH;;
lady savoiardi;;;no_match;NO_MATCH;;
huy fong chili-garlic sauce;;;no_match;NO_MATCH;;
garlic-flavored crouton;;;no_match;NO_MATCH;;
thick salsa;;;no_match;NO_MATCH;;
sweet whole kernel corn;;;no_match;NO_MATCH;;
dry minced chive;;;no_match;NO_MATCH;;
reduced-fat half-and-half;;;no_match;NO_MATCH;;
I Cant Believe Its Not Butter! Spray;;;no_match;NO_MATCH;;
tangy dill relish;;;no_match;NO_MATCH;;
chopped fresh dill weed;;;no_match;NO_MATCH;;
bunches watercress;;;no_match;NO_MATCH;;
quartered cherry tomato;;;no_match;NO_MATCH;;
cooked couscous;;;no_match;NO_MATCH;;
blue corn tortilla;;;no_match;NO_MATCH;;
mixed Italian herbs;;;no_match;NO_MATCH;;
cream corn;;;no_match;NO_MATCH;;
party;;;no_match;NO_MATCH;;
g;;;no_match;NO_MATCH;;
bouquet;;;no_match;NO_MATCH;;
chilled vegetable shortening;;;no_match;NO_MATCH;;
spears;;;no_match;NO_MATCH;;
oyster liquor;;;no_match;NO_MATCH;;
jar dried beef;;;no_match;NO_MATCH;;
fruit roll-up;;;no_match;NO_MATCH;;
crushed ripple potato chip;;;no_match;NO_MATCH;;
coloured mini marshmallow;;;no_match;NO_MATCH;;
grated paraffin wax;;;no_match;NO_MATCH;;
colored miniature marshmallow;;;no_match;NO_MATCH;;
custard mix;;;no_match;NO_MATCH;;
bean thread;;;no_match;NO_MATCH;;
Essence;;;no_match;NO_MATCH;;
pierogie;;;no_match;NO_MATCH;;
reserved cake mix;;;no_match;NO_MATCH;;
milk dud;;;no_match;NO_MATCH;;
masoor dal;;;no_match;NO_MATCH;;
mac;;;no_match;NO_MATCH;;
Truvia;;;no_match;NO_MATCH;;
pasty shell;;;no_match;NO_MATCH;;
zesty Italian salad dressing;;;no_match;NO_MATCH;;
quart chicken stock;;;no_match;NO_MATCH;;
chopped Italian parsley;;;no_match;NO_MATCH;;
sundae sauce;;;no_match;NO_MATCH;;
buttermilk ranch dressing;;;no_match;NO_MATCH;;
salsa ranch dressing;;;no_match;NO_MATCH;;
spicy tomato sauce;;;no_match;NO_MATCH;;
bottled kraft Italian salad dressing;;;no_match;NO_MATCH;;
dipper;;;no_match;NO_MATCH;;
pico;;;no_match;NO_MATCH;;
shaved deli roast beef;;;no_match;NO_MATCH;;
finely chopped red pepper;;;no_match;NO_MATCH;;
half and half;;;no_match;NO_MATCH;;
ground oregano;;;no_match;NO_MATCH;;
red velvet cake mix;;;no_match;NO_MATCH;;
fresh spinach rotini pasta;;;no_match;NO_MATCH;;
casserole mince;;;no_match;NO_MATCH;;
birds custard powder;;;no_match;NO_MATCH;;
cake batter;;;no_match;NO_MATCH;;
box package yellow cake mix;;;no_match;NO_MATCH;;
crushed allspice berry;;;no_match;NO_MATCH;;
packet corn chips;;;no_match;NO_MATCH;;
meringue powder;;;no_match;NO_MATCH;;
box butter recipe cake mix;;;no_match;NO_MATCH;;
package sliced pepperoni;;;no_match;NO_MATCH;;
yellow butter recipe cake mix;;;no_match;NO_MATCH;;
sambuca romana;;;no_match;NO_MATCH;;
chicken stuffing mix;;;no_match;NO_MATCH;;
prune butter;;;no_match;NO_MATCH;;
envelope white sauce mix;;;no_match;NO_MATCH;;
mini-white marshmallow;;;no_match;NO_MATCH;;
veal cutlet;;;no_match;NO_MATCH;;
italian;;;no_match;NO_MATCH;;
fresh oregano leaf;;;no_match;NO_MATCH;;
drummette;;;no_match;NO_MATCH;;
kefalograviera;;;no_match;NO_MATCH;;
lekvar;;;no_match;NO_MATCH;;
Mexican-style corn;;;no_match;NO_MATCH;;
box Knorr Leek mix;;;no_match;NO_MATCH;;
miniature marshmallows;;;no_match;NO_MATCH;;
potato topper;;;no_match;NO_MATCH;;
dry ranch dressing mix;;;no_match;NO_MATCH;;
niblet;;;no_match;NO_MATCH;;
canned pineapple chunk;;;no_match;NO_MATCH;;
prepared polenta;;;no_match;NO_MATCH;;
artificial bacon bit;;;no_match;NO_MATCH;;
tomato cream sauce;;;no_match;NO_MATCH;;
imitation coconut extract;;;no_match;NO_MATCH;;
canned cream of coconut;;;no_match;NO_MATCH;;
white shortening;;;no_match;NO_MATCH;;
toasted macadamia;;;no_match;NO_MATCH;;
unsalted macadamia;;;no_match;NO_MATCH;;
package nacho cheese flavored tortilla chips;;;no_match;NO_MATCH;;
mild picante sauce;;;no_match;NO_MATCH;;
dried fine herb;;;no_match;NO_MATCH;;
seafood sauce;;;no_match;NO_MATCH;;
cream of wild mushroom soup;;;no_match;NO_MATCH;;
instant Oxo;;;no_match;NO_MATCH;;
hidden valley salad dressing mix;;;no_match;NO_MATCH;;
Nutter Butter;;;no_match;NO_MATCH;;
veal stew meat;;;no_match;NO_MATCH;;
Smart Balance butter spread;;;no_match;NO_MATCH;;
bottle red food coloring;;;no_match;NO_MATCH;;
baking chips;;;no_match;NO_MATCH;;
franks redhot buffalo wing sauce;;;no_match;NO_MATCH;;
hot Italian turkey sausage;;;no_match;NO_MATCH;;
bleu cheese dressing;;;no_match;NO_MATCH;;
jars;;;no_match;NO_MATCH;;
montasio;;;no_match;NO_MATCH;;
pinch ground nutmeg;;;no_match;NO_MATCH;;
dried cannelloni tube;;;no_match;NO_MATCH;;
precooked meatball;;;no_match;NO_MATCH;;
jar spaghetti sauce with meat;;;no_match;NO_MATCH;;
prepared raw phyllo pastry;;;no_match;NO_MATCH;;
crushed tortilla chips;;;no_match;NO_MATCH;;
wonton wrappers;;;no_match;NO_MATCH;;
whole wheat lasagna noodle;;;no_match;NO_MATCH;;
garlic-flavored croutons;;;no_match;NO_MATCH;;
Italian-style tomatoes;;;no_match;NO_MATCH;;
genoa;;;no_match;NO_MATCH;;
meatless spaghetti sauce;;;no_match;NO_MATCH;;
bel paese;;;no_match;NO_MATCH;;
spinach lasagna noodle;;;no_match;NO_MATCH;;
sopressata;;;no_match;NO_MATCH;;
crumbled gorgonzola;;;no_match;NO_MATCH;;
soppressata;;;no_match;NO_MATCH;;
lasagne;;;no_match;NO_MATCH;;
fresh flat-leaf Italian parsley;;;no_match;NO_MATCH;;
eye of round roast;;;no_match;NO_MATCH;;
condensed beef broth;;;no_match;NO_MATCH;;
meat broth;;;no_match;NO_MATCH;;
French dry rub;;;no_match;NO_MATCH;;
whale meat;;;no_match;NO_MATCH;;
bear meat;;;no_match;NO_MATCH;;
pack;;;no_match;NO_MATCH;;
envelope sazon goya (con achiote);;;no_match;NO_MATCH;;
ground dried chile;;;no_match;NO_MATCH;;
mushroom beef gravy;;;no_match;NO_MATCH;;
beef sirloin tip;;;no_match;NO_MATCH;;
jar beef gravy;;;no_match;NO_MATCH;;
sliced fresh mushroom;;;no_match;NO_MATCH;;
marrow bone;;;no_match;NO_MATCH;;
Campbells French onion soup;;;no_match;NO_MATCH;;
sweet Italian sausage link;;;no_match;NO_MATCH;;
pepperoncini pepper juice;;;no_match;NO_MATCH;;
penne macaroni;;;no_match;NO_MATCH;;
marinated beef;;;no_match;NO_MATCH;;
smen;;;no_match;NO_MATCH;;
liquid smoke seasoning;;;no_match;NO_MATCH;;
italian seasoning mix;;;no_match;NO_MATCH;;
roll wrappers;;;no_match;NO_MATCH;;
puff;;;no_match;NO_MATCH;;
cream of tomato soup;;;no_match;NO_MATCH;;
cooked rice or noodles;;;no_match;NO_MATCH;;
berry red wine;;;no_match;NO_MATCH;;
dashida;;;no_match;NO_MATCH;;
casing;;;no_match;NO_MATCH;;
chipped beef;;;no_match;NO_MATCH;;
deli meat;;;no_match;NO_MATCH;;
manwich;;;no_match;NO_MATCH;;
taco meat;;;no_match;NO_MATCH;;
vegetable beef soup mix;;;no_match;NO_MATCH;;
enchilada mix;;;no_match;NO_MATCH;;
potato roll;;;no_match;NO_MATCH;;
cooked beef;;;no_match;NO_MATCH;;
chopped beef;;;no_match;NO_MATCH;;
piccalilli relish;;;no_match;NO_MATCH;;
shake-in-bake;;;no_match;NO_MATCH;;
vegetable cooking spray;;;no_match;NO_MATCH;;
cooked ground beef;;;no_match;NO_MATCH;;
dorito;;;no_match;NO_MATCH;;
sliced cooked meat;;;no_match;NO_MATCH;;
condensed beef consomme;;;no_match;NO_MATCH;;
bolognese sauce;;;no_match;NO_MATCH;;
Oxo;;;no_match;NO_MATCH;;
pepperoncini juice;;;no_match;NO_MATCH;;
dry parsley flake;;;no_match;NO_MATCH;;
duck sauce;;;no_match;NO_MATCH;;
crisp chow mein noodles;;;no_match;NO_MATCH;;
Italian-style diced tomatoes;;;no_match;NO_MATCH;;
chopped meat;;;no_match;NO_MATCH;;
Lou Prices Cajun Seasoning;;;no_match;NO_MATCH;;
